qt_d1sbqsiftd,qt_e1sbqsiftd,qt_3iyhzvnitd,qt_xd6evd8dtd
1700-504-121,"转 转, 转 砖砖",砖专 专转,驻转  
09-99721300,"住拽 10, 专爪",,驻转  
09-98605252,"转, 砖  21",,专驻转 
09-9756200,"砖转  35, 专爪",,拽 
09-9735500," 71, 专爪",转,驻转  
09-9715255,"砖'    10, 专爪",驻注,拽 
09-9713200,"爪专转  2, 专爪",,拽 
09-9705800,"专 3, 专爪",转,驻转  
09-9609200,"砖转  35, 专爪",,拽 
09-9598590,"砖'   4, 专爪",驻注,拽 
09-9598246,"专砖  2, 驻专 砖专",驻注,拽 
09-8973227,"砖专转  6, 驻专 ",驻注,拽 
09-8971168,"专爪 13, 驻专 ",砖专 专转,驻转  
09-8970227,"注转 驻转 专' 专  6, 拽-爪专",驻注,拽 
09-8947205,"专  砖专 爪专 41, 拽-爪专",转,驻转  
09-8915222,"住转 2,  ",转,驻转  
09-8902222,"驻专 , 专爪 11",转,专驻转 
09-8873774,"专 专  7, 转",砖专 专转,驻转  
09-8868260,"砖专转 专注 1, 拽专 砖专",,驻转  
09-8868200,"专驻驻专 3, 驻专 住",,驻转  
09-8867201,"驻   15, 专爪",驻注,拽 
09-8824926,"住驻 29, 转",砖专 专转,驻转  
09-8821922,"砖 住  26, 转",转,驻转  
09-8787300,"拽住,  0",转,专驻转 
09-8782138,"转 驻专, 转 驻专",转,驻转  
09-8780387,"拽住, 拽住",砖专 专转,驻转  
09-8780271,"拽住, 拽住",砖专 专转,驻转  
09-8743303,"-专, 专",砖专 专转,驻转  
09-8661506,"砖专 砖专, 砖专 砖专",转,驻转  
09-8652035," 注专 57, 转",砖专 专转,驻转  
09-8648800,"转, 专 38",转,专驻转 
09-8640302,"驻   15, 专爪",驻注,拽 
09-8640218,"  45, 转",驻注,拽 
09-8635222,"转, 专 拽专爪 2",转,专驻转 
09-8631040,"转 转  10, 转",驻注,拽 
09-8610904," 8, 转",砖专 专转,驻转  
09-8607222,"转, 砖驻驻专 17",转,专驻转 
09-8604898,"专爪  32, 转",驻注,拽 
09-8603800,"转, 专 42",转,专驻转 
09-8603700,"转, 驻专驻住专 专爪拽 31",转,专驻转 
09-8602023,"专 注爪转  11, 转",驻注,拽 
09-8601333,"转, 住住拽 20",转,专驻转 
09-8359939,"砖  专 6, 转",砖专 专转,驻转  
09-8356928,"专转 129, 转",砖专 专转,驻转  
09-8354334,"拽专爪 2, 转",砖专 专转,驻转  
09-8344477,"专爪 14, 转",砖专 专转,驻转  
09-8322714,"专  92, 转",砖专 专转,驻转  
09-8315500,"拽-爪专, 拽-爪专",转,驻转  
09-8304200,"专  14, 转",住,拽 
09-8300200,"专爪  5, 转",,拽 
09-7994741,", 专 驻 0",转,专驻转 
09-7993062,", ",砖专 专转,驻转  
09-7991971,", ",砖专 专转,驻转  
09-7991003,", ",砖专 专转,驻转  
09-7949200,"专 住专  砖, 驻 砖",,驻转  
09-7946555,"转, 砖专转  住 26",转,专驻转 
09-7946500,"驻专 住, 专驻驻专 3",转,专驻转 
09-7940200,"拽专 砖专, 拽转 1",转,专驻转 
09-7934600," 专, 转 7",转,专驻转 
09-7931200,"专, 专",转,驻转  
09-7921535,"专 专"""", 注",转,驻转  
09-7920135," 9, 拽专 砖专",转,驻转  
09-7909300," 20, 专",,驻转  
09-7904300,"专 住驻专,  专",,驻转  
09-7796030,"专 驻, ",转,驻转  
09-7784200,"专驻驻专  1, 驻专 住",,拽 
09-7774600,"砖拽 4, 转 ",,驻转  
09-7760426,"转专  16, 专注",驻注,拽 
09-7757228,"专拽 注    1, 专",驻注,拽 
09-7754227,"砖 住专  75, ",驻注,拽 
09-7752200,"  124, 专注",,拽 
09-7707111,"专 7, 专注",转,驻转  
09-7656101,"拽 12, 驻专 住",转,驻转  
09-7651265," 专 43, 驻专 住",转,驻转  
09-7648580,"爪  102, 驻专 住",驻注,拽 
09-7646600," 砖专, '住拽 3",转,专驻转 
09-7645353,"拽注转 转 驻  25, 驻专 住",驻注,拽 
09-7643200,"专砖  56, 驻专 住",,拽 
09-7641222,"驻专 住, 住 20",转,专驻转 
09-7634000,"驻专 住,  专 43",转,专驻转 
09-7630600,"驻专 住, 拽 12",转,专驻转 
09-7624600,"拽 14,  砖专",转,驻转  
09-7624200,"转注""砖  14, 驻专 住",住,拽 
09-7620600,"专砖转 8,  砖专",转,驻转  
09-7619606,"  砖注 25 ,  砖专",转,驻转  
09-7615222,"  96, 专注",专,拽 
09-7614200,"专转  94,  砖专",,拽 
09-7523800,"拽抓 砖驻, 砖驻",转,驻转  
09-7499800,"砖 拽 爪专  ,  专",转,驻转  
09-7484634,". 祝 砖专, 专爪",转,驻转  
09-7482230,"专驻驻专 3, 驻专 住",转,驻转  
09-7478181," 14,  砖专",,驻转  
09-7477979,"驻 注专 8, 专注",转,驻转  
09-7477979,"专注, 注专 驻 8",转,专驻转 
09-7476580,"  112, 专注",驻注,拽 
09-7475949,"专 专转  69,  砖专",驻注,拽 
09-7474509,"拽抓 专转 砖, 专转 砖",转,驻转  
09-7470777," 124, 专注",,驻转  
09-7470240," 砖专, 住拽 46",转,专驻转 
09-7423420,"转 转专, 驻专 住",转,驻转  
08-9989252,"爪, 爪",转,驻转  
08-9982590,"砖 注 砖专, 注 砖专",,驻转  
08-9971393,"注专, 砖  24",转,专驻转 
08-9970656,"  32, 注专",驻注,拽 
08-9953217,"注专注专-, 注专注专-",砖专 专转,驻转  
08-9950989,"砖  24, 注专",砖专 专转,驻转  
08-9939927,"注 , 爪 住专  5, 转转",驻注,拽 
08-9931213,"专 爪, 转转",砖专 专转,驻转  
08-9929294,"砖' 专爪  11, 驻拽",驻注,拽 
08-9922621,"专 注, 驻拽",砖专 专转,驻转  
08-9918334,"砖 17, 专",砖专 专转,驻转  
08-9918129,".. , 砖专",转,驻转  
08-9915222,". , 转 拽",转,驻转  
08-9910613,"砖 8, 专",砖专 专转,驻转  
08-9908800,"专 砖注, 砖专 住拽专 30",转,专驻转 
08-9773131,"专, 砖专转  专 1",转,专驻转 
08-9773111,"专, . 住.  13",转,专驻转 
08-9751553," 爪 17, 注--专注转",砖专 专转,驻转  
08-9743667,"专 注拽 3, 注 注转",转,驻转  
08-9740318,"住转 住祝 34, 注 注转",转,驻转  
08-9736200,"注专注专  14, 注--专注转",,拽 
08-9735666,"注拽 转 53, 注--专注转",,驻转  
08-9735353,"   38, 注--专注转",驻注,拽 
08-9735222,"注--专注转, 注拽 转 砖 30",转,专驻转 
08-9730964,"注--专注转,   1",转,专驻转 
08-9726782,". 砖砖,  专",转,驻转  
08-9583555,",  14",转,专驻转 
08-9583330,"转转 砖 16, 拽专转 转",转,驻转  
08-9559222,"爪驻 专,  专驻转 4",转,专驻转 
08-9524200,"注专  4, 专转",,拽 
08-9523230,"专  11, 砖",驻注,拽 
08-9496412,"专驻转   爪专,  爪专",,驻转  
08-9474255,"转 转 9, 专转",转,驻转  
08-9459553,"驻专砖 专 8, 专转",砖专 专转,驻转  
08-9451804,"拽 转 16, 专转",砖专 专转,驻转  
08-9445903,"专爪  179, 专转",驻注,拽 
08-9442821,"拽抓 注, 注",转,驻转  
08-9437528,"拽 6, ",转,驻转  
08-9436565,"专 爪专 1, ",转,驻转  
08-9425240,"砖'   46, ",驻注,拽 
08-9424050,"专  1, ",,驻转  
08-9415004,"注 砖 14, 拽专转 注拽专",转,驻转  
08-9408422,"专 31, 住 爪",,驻转  
08-9383119,"  1, 住 爪",驻注,拽 
08-9377661,"砖转 4, 住 爪",转,驻转  
08-9371235,"专爪  111, 专转",驻注,拽 
08-9360500,"专爪  182, 专转",,拽 
08-9340341,"专拽驻转 3, 专转 转",砖专 专转,驻转  
08-9325800,"砖  20, ",转,驻转  
08-9315270,"砖 专 驻' 12, 注 注转",转,驻转  
08-9314560,"驻专, 驻专拽 注  10, 专转",驻注,拽 
08-9311200,"专转, 砖专转 '' 56",转,专驻转 
08-9292229," 专 11, 专",砖专 专转,驻转  
08-9285330,"07-, 注 注转",转,驻转  
08-9269666,"专 住专 专注转  0, 注--专注转",,拽 
08-9263613,"专 住专 专注转, 注--专注转",转,驻转  
08-9259358," 住  7, 专",驻注,拽 
08-9259121,"砖注, 砖注",转,驻转  
08-9246507,"  8, ",砖专 专转,驻转  
08-9230133,"驻转 砖, ",砖专 专转,驻转  
08-9219078,"  4, 专",砖专 专转,驻转  
08-9198430,"注   0, 转转",,拽 
08-9184814,"砖 住  17, 专 注拽",驻注,拽 
08-9183700,"专, 专爪 砖' 59",转,专驻转 
08-9145200,"专 住祝, 专 住祝",转,驻转  
08-9144343,"注 注转,  专 46",转,专驻转 
08-9144321," 专 46, 注 注转",转,驻转  
08-9142500,"注 注转, 转转 砖驻 5",转,专驻转 
08-9142000,"转转 砖驻 90, 注 注转",,驻转  
08-9138800,", 转专 5",转,专驻转 
08-9136200,", 专注 注转 14",转,专驻转 
08-9135200,"专 注拽,  6",转,专驻转 
08-9132111,"砖专转 拽 2, 注 注转",,驻转  
08-9119888,"驻拽, 砖 专爪 62",转,专驻转 
08-9118222,"爪专,  0",转,专驻转 
08-9113228," '住拽 30, 专 砖注",转,驻转  
08-89960955,"驻拽, 砖 专爪 36",,专驻转 
08-89951515,"注专, 砖注 13",,专驻转 
08-89939400,"转转, 砖 专砖 18",,专驻转 
08-89737666,"注--专注转, 转转 8",,专驻转 
08-89424040,", 专  126",,专驻转 
08-89360333,"专转, 住住拽 27",,专驻转 
08-89274111,", 砖驻专  砖 31",,专驻转 
08-89132111,"注 注转, 砖专转 拽 2",,专驻转 
08-88688111,"砖, 专砖"" 15",,专驻转 
08-88621700,"专, 驻住 3",,专驻转 
08-88573613," ,  56",,专驻转 
08-88549549,"砖, 砖 12",,专驻转 
08-86891855,"砖专转, 住 驻 2",,专驻转 
08-8688926,"爪转  13, 砖",驻注,拽 
08-8687600,"砖, 专转 71",转,专驻转 
08-8687500,"砖,  注 22",转,专驻转 
08-8687200,"砖'   拽 住  7, 砖",,拽 
08-8687113,"注爪转 8,  ",转,驻转  
08-8681165,"砖   14, 专",转,驻转  
08-8681165,"砖   48, 专",转,驻转  
08-86747666,"砖拽, 专 3",,专驻转 
08-86629200,"拽专转 转, 砖 注爪转 64",,专驻转 
08-86583004,"专, 专砖 爪 199",,专驻转 
08-8653132,"砖,  8",转,专驻转 
08-8643326," 砖 25, 砖",砖专 专转,驻转  
08-86416622,"专 砖注,  '住拽 30",,专驻转 
08-8637200,"专,  60",转,专驻转 
08-86364848,"转, 砖 转专 39",,专驻转 
08-8631740,"  6, 专",驻注,拽 
08-86267222,"专 砖注, 转拽 4",,专驻转 
08-8624200,"砖, 转  27",转,专驻转 
08-8623300," , 专爪 3",转,专驻转 
08-8623200,"砖,  专 19",转,专驻转 
08-8621700,"驻住 5, 专",,驻转  
08-8621200,"  7, 砖",住,拽 
08-8607314,". 砖 转, 砖转 爪拽",转,驻转  
08-8601250,""" 14, 拽专转 ",转,驻转  
08-8593322,"爪 8, 专",转,驻转  
08-8591766,"注砖专转, 注砖专转",转,驻转  
08-8591138,". 注拽 砖专拽,  ",转,驻转  
08-8590800,"砖, 住砖  9",转,专驻转 
08-8589888,"拽专转 , '住拽 22",转,专驻转 
08-8588685,"住拽  22, 拽专转 ",驻注,拽 
08-8581904,". 砖拽, 注专转",转,驻转  
08-8581008,"专 专 , 专 ",转,驻转  
08-8578200,"专砖""  11, 砖",,拽 
08-8574131," 56,  ",,驻转  
08-8574131,"专爪 41,  ",转,驻转  
08-8573095,"砖 爪专, 爪专",转,驻转  
08-8551113," 注专转 3, 砖",砖专 专转,驻转  
08-8548300,". , ",转,驻转  
08-8548300,"拽爪转 , 拽爪转 ",转,驻转  
08-8548037," 专  29, 砖",驻注,拽 
08-8521439,". , ",转,驻转  
08-8519400,"砖, 注 4",转,专驻转 
08-8519200," 专  105, 专",,拽 
08-8515543," 专,  专",转,驻转  
08-8514158,"砖 爪  9, 砖",驻注,拽 
08-8510020,"专 , 专 ",转,驻转  
08-8501460,"  1, 拽专转 ",,驻转  
08-6983974,"拽 驻专抓 住专  1, ",,拽 
08-6899889," 10, 砖专转",砖专 专转,驻转  
08-6898155,".. 砖 专, 转",转,驻转  
08-6892798,". 祝 砖拽, 抓",转,驻转  
08-6887976,". 砖 专, 砖",转,驻转  
08-6879888,"拽专转 转,  8",转,专驻转 
08-6875191,"砖' 砖  30, 拽专转 转",驻注,拽 
08-6874316,". 砖 转, 转 专",转,驻转  
08-6874219,". 砖 专, 转 专",转,驻转  
08-6867260,"转转 砖 16, 拽专转 转",,驻转  
08-6856200,"专 住专  0, 专",驻注,拽 
08-6848619,"砖 , 砖 ",转,驻转  
08-6830222,"住转专转 23, 砖",转,驻转  
08-6815314,"转转 砖 16, 拽专转 转",转,驻转  
08-6814406,". 砖 转, 拽转",转,驻转  
08-6808844,". 祝 砖拽, 专转",转,驻转  
08-6807800,"专, 专 住专 ",转,专驻转 
08-6807100,"专, 专",转,驻转  
08-6803661,". 祝 砖拽 79152, 专专 ",转,驻转  
08-6801885,"专 砖  8, 砖专转",驻注,拽 
08-6801222,". 祝 砖拽, 专",转,驻转  
08-6800412,"拽抓 住注, 住注",,驻转  
08-6799200,"砖 专砖  119, 砖",,拽 
08-6798222,"住祝 专驻 10, 砖",转,驻转  
08-6790555,"砖拽, 爪住 10",转,专驻转 
08-6780176,"拽住住 12, 砖",砖专 专转,驻转  
08-6776200,"专  25, 砖",,拽 
08-6774905,". 砖 爪驻, ",转,驻转  
08-6748222,"专 专, 砖",转,驻转  
08-6747469,"专  3, 砖",驻注,拽 
08-6741741,"砖拽, 专 11",转,专驻转 
08-6724650,". 砖 转, 专 砖专",转,驻转  
08-6721989,"专爪  28, 砖",驻注,拽 
08-6701444,"砖拽, 拽住住 6",转,专驻转 
08-6670333,"砖 注爪转 30, 拽专转 转",转,驻转  
08-6670200,"转  54, 拽专转 转",,拽 
08-6654201,"砖 13 , 住驻",砖专 专转,驻转  
08-6650944,"  - 转 ,  0",转,专驻转 
08-6624666,"砖专转,   21",转,专驻转 
08-6621222,"砖专转,  4",转,专驻转 
08-6617222,"砖, 专  砖 6",转,专驻转 
08-6602611,"砖 注爪转 64, 拽专转 转",,驻转  
08-6596120,"砖'  专  1, 爪驻 专",驻注,拽 
08-6592223,". 注专, 住驻专",转,驻转  
08-6592223,"住驻专,  0",转,专驻转 
08-6590111,"住 (砖),  0",转,专驻转 
08-6581075,". 注专, 驻专",转,驻转  
08-6581073,". 注专, 注 ",转,驻转  
08-6581033,". 注专, 注",转,驻转  
08-6562520,". 爪, 专",转,驻转  
08-6561460,". 爪, 爪 (拽转 )",转,驻转  
08-6560333,"砖 拽专, 砖 拽专",转,驻转  
08-6559381,"砖专转 砖 ( 转 转), ",砖专 专转,驻转  
08-6555565,"..  , 转 专",转,驻转  
08-6553750,"爪 ', ",砖专 专转,驻转  
08-6543352,"专砖 爪  915, 专",驻注,拽 
08-6517479,"拽, 拽",砖专 专转,驻转  
08-6510980,"专, 专",砖专 专转,驻转  
08-6510230,"专 住专, ",,驻转  
08-6510178,"砖 9, 专",转,驻转  
08-6510034,"专 住专 转专, 转专",,驻转  
08-6503343,"   5, ",驻注,拽 
08-6503222,", 专转 爪转 专驻 1",转,专驻转 
08-6486266,"砖 专 驻' 3, 注 注转",转,驻转  
08-6481257,"拽专 1, 专 砖注",砖专 专转,驻转  
08-6433511,"专 7, 专 砖注",砖专 专转,驻转  
08-6416622," '住拽 30, 专 砖注",,驻转  
08-6413897,"住专 113, 专 砖注",砖专 专转,驻转  
08-6406870,"专   99, 专 砖注",驻注,拽 
08-6365200,"砖专转 转专  11, 转",,拽 
08-6361202,"砖' 转专, 驻转 专 注专, 专 住专 砖注转   3, 转",驻注,拽 
08-6359377,"   0, 转",,拽 
08-6355885,".  转 88820, 转",转,驻转  
08-6355880,"转,  0",转,专驻转 
08-6353000,"转, 砖专转 砖砖转  290",转,专驻转 
08-6341071,"砖转 拽 , 转",砖专 专转,驻转  
08-6327200,"砖'    7, 砖",,拽 
08-6318353,"砖转 爪, 转",砖专 专转,驻转  
08-6317236,"砖转 砖, 转",砖专 专转,驻转  
08-6308800,"拽专转 转,  16",转,专驻转 
08-6292890,"专 砖注,  拽专 17",转,专驻转 
08-6292389,"注爪转  40, 专 砖注",驻注,拽 
08-6292249,"爪拽 专专  17, 专 砖注",驻注,拽 
08-6279768,"转住 拽转 驻 5  砖 2  拽祝 专专, , 专 砖注",砖专 专转,驻转  
08-6268888,"转 砖注,  0",转,专驻转 
08-6268844,"转 砖注,  0",转,专驻转 
08-6268666,"专 砖注,  注拽 6",转,专驻转 
08-6263536,"  - 转 ,   - 转 ",砖专 专转,驻转  
08-6261555,"专 砖注,  63",转,专驻转 
08-6258700,"砖 专 驻' 9, 注 注转",,驻转  
08-6253225,"专转 10, 注专",转,驻转  
08-6252882,"砖 2-  901, 转 砖注",砖专 专转,驻转  
08-6240222,"专 砖注, 专 注 4",转,专驻转 
08-6230762,"砖 砖, 砖-砖",砖专 专转,驻转  
08-6217888,"注 转 1/2, 注 注转",转,驻转  
08-6207220,"砖 砖,  0",转,专驻转 
08-6204200," 爪  9, 专 砖注",,拽 
08-6203333,"专爪  91, 专 砖注",住,拽 
08-6114400,"专转 , 拽专转 转",转,驻转  
08-6113900,", 转 16",转,专驻转 
08-6109243,"砖 专砖 32, 专 砖注",砖专 专转,驻转  
077-9616784," 3, 拽专转 ",砖专 专转,驻转  
077-9610225,"住  4, 驻",砖专 专转,驻转  
077-9525795,"转 爪 3, 拽专转 爪拽",砖专 专转,驻转  
077-9511745,"驻专住, 驻专住",砖专 专转,驻转  
077-9400704," 1/15, 驻专住 -专专",砖专 专转,驻转  
077-7840979,"住驻 56, 拽专转 转",砖专 专转,驻转  
077-7570962,"注驻 1, 驻",砖专 专转,驻转  
077-7292652,"驻转 专, 驻专住 -专专",砖专 专转,驻转  
077-7292567,"驻住拽专 11, 拽专转 转",砖专 专转,驻转  
077-7292549,"拽砖 砖 8, 专 注拽",砖专 专转,驻转  
077-7282635," 100, 专 注拽",砖专 专转,驻转  
077-7041319,"砖  30, 驻",砖专 专转,驻转  
077-5252172,"转驻 23, 砖专",砖专 专转,驻转  
077-4030677,"'转  拽注, '转",砖专 专转,驻转  
077-3441214,""" 2, 驻",砖专 专转,驻转  
077-3378842,"注 35, 驻专住 -专专",砖专 专转,驻转  
077-3361967,"专 10, 专 注拽",砖专 专转,驻转  
077-3245139,"专转 1, 驻",砖专 专转,驻转  
077-3238322,"专 19, 驻",砖专 专转,驻转  
077-3224721," 专 31, 驻",砖专 专转,驻转  
077-2101152,"转 注专, 专",砖专 专转,驻转  
077-2031350,"拽专注, 驻专 拽专注",砖专 专转,驻转  
077-2031327," , 专",砖专 专转,驻转  
076-8887341," 驻专砖  1, 转 砖砖",专,拽 
076-8887330,"砖' 砖  25, 拽专转 爪拽",专,拽 
076-8887320,"砖驻驻专  17, 转",专,拽 
076-8887310,"  153, 专注",专,拽 
076-8887300,"住拽  46,  砖专",专,拽 
076-8887290,"砖专  10, 专砖",专,拽 
076-8887280,"注  1, 专砖 注",专,拽 
076-8887270,"专 拽专  8, 转  -驻",专,拽 
076-8887260,"砖  1, 注",专,拽 
076-8887230,"  105, 转  -驻",专,拽 
076-8887228,"砖' 拽  2, 注 注转",专,拽 
076-8676799,"砖专  1, ",,拽 
076-8134180," 砖专, 住拽 46",转,专驻转 
076-8096001,"  2, ",专砖,拽 
076-8095098,"住   0, 住'",专砖,拽 
076-8095096,"注   5, 专",专砖,拽 
076-8095076," 砖  94, 注",专砖,拽 
076-8095069,"住  90, 专 砖注",专砖,拽 
076-8095061,"砖专转 专砖  12, 爪专-砖",专砖,拽 
076-8095055,"'住拽  9,  专拽",专砖,拽 
076-8095052,"转  26, 驻",专砖,拽 
076-8095051," 注  21, 转  -驻",专砖,拽 
076-8095041,"砖 砖专  1, 转专 注转",专砖,拽 
076-8095040,"爪拽 专  2, 转 砖砖",专砖,拽 
076-8095030,"专  30, 专砖",专砖,拽 
076-8095026,"砖专  21, 专砖",专砖,拽 
076-8095001,"  2, ",专砖,拽 
076-8075600,"专砖  0, 注",专转,拽 
076-8075300,"专砖 专驻砖  0, 专驻砖",专转,拽 
076-8075200,"专砖  0, 专专",专转,拽 
076-8074300,"专  住  0, 专 -住",专转,拽 
076-8074200,"砖'  专  255, 专砖",专转,拽 
076-8073800,"  0, ",专转,拽 
076-8073600,"注转 砖  5, 专砖",专转,拽 
076-8073400,"专""  20, 转专 注转",专转,拽 
076-8073100,"专  30, 转 砖砖",专转,拽 
076-8072400,"注-'转  0, 注-'转",专转,拽 
076-8072000,"专注  19, 转  -驻",专转,拽 
076-8069700,"专 住专   驻  0,  -驻",专转,拽 
076-8069600,"专 住专  0, 专",专转,拽 
076-8069500,"转  2, 驻专 转专",专转,拽 
076-8069400,"  36, 驻",专转,拽 
076-8069200,"砖拽  2, 注转-转专砖",专转,拽 
076-8069100,"专 住专 砖  0, 驻专 住祝",专转,拽 
076-8068700,"住  0, 住'",专转,拽 
076-8068100,"'  0, '-专",专转,拽 
076-8067600,"砖 爪  3, 砖",专转,拽 
076-8067400,"专爪  189, 专转",专转,拽 
076-8067100,"住  0, 住",专转,拽 
076-8066800,"专砖  115, 专砖 爪",专转,拽 
076-8066100,"驻 砖专  24, 专砖",专转,拽 
076-8066000,"砖' 注转  38, 专",专转,拽 
076-8064900,"专 住专 砖  3, ",专转,拽 
076-8064700,"砖 爪  20, 转",专转,拽 
076-8064500,"专专 爪拽  59, 专 砖注",专转,拽 
076-8064400,"专砖转  2, 注",专转,拽 
076-8064300,"专 专砖  1, 专",专转,拽 
076-8064000,"专 驻  0, 爪专转",专转,拽 
076-8063900,"  30, 爪专转",专转,拽 
076-8063400,"专 专砖  0, 注",专转,拽 
076-8063200,"驻专 专注  0, 专注",专转,拽 
076-8063100,"驻专   0, 驻专 ",专转,拽 
076-8063000,"专  0, 专",专转,拽 
076-8062800,"驻转  住专  0, 驻注",专转,拽 
076-8062700,"驻住 砖砖  83, 爪专转",专转,拽 
076-8062600,"注专  0, 注专",专转,拽 
076-8062500,"注  0, 注",专转,拽 
076-8062300,"专  0, 专",专转,拽 
076-8062000,"专 砖祝 '专  0, 砖驻专注",专转,拽 
076-8061400,"专 专砖  0, 专",专转,拽 
076-8060300,"砖' 住  2, 转专",专转,拽 
076-8060200,"专 住专 专  0, 专",专转,拽 
076-8053960,"' 专  66, 转  -驻",住拽,拽 
076-8053900,"   38, 转  -驻",住拽,拽 
076-8053866,"祝  55, 转  -驻",住拽,拽 
076-8053807,"  52, 专",住拽,拽 
076-8053740,"砖专转 专砖  76, 转  -驻",住拽,拽 
076-8053710,"砖' 转专  1, 转",住拽,拽 
076-8053678,"  住专  12, 专转 ",住拽,拽 
076-8053640,"专转  '  25, 转  -驻",住拽,拽 
076-8053548," 砖  34, 转  -驻",住拽,拽 
076-8053526,"专 砖   64, 转  -驻",住拽,拽 
076-8053494,"   96, 转  -驻",住拽,拽 
076-8053460,"砖' 专砖  15, 转  -驻",住拽,拽 
076-8053183,"驻  3, 拽专转 转",住拽,拽 
076-8053180,"  专  1, 驻专 ",住拽,拽 
076-8053144,"专 住  8, 专 砖注",住拽,拽 
076-8053120,"砖' 爪拽 专  10, 专砖",住拽,拽 
076-8053100,"驻专  9, 专砖",住拽,拽 
076-8053060,"砖专转  专  15, 砖",住拽,拽 
076-8053040,"砖   80, 专 砖注",住拽,拽 
076-8053040,"砖'    125, 专 砖注",住拽,拽 
076-8053017,"驻  103, 专砖",住拽,拽 
076-8053017,"专' 驻  121, 专砖",住拽,拽 
076-8052973,"   3, 转 砖砖",住拽,拽 
076-8052920,"专  1, 砖专转 爪",住拽,拽 
076-8052895,"专  74, 专砖",住拽,拽 
076-8052872,"转 专  29, 专砖",住拽,拽 
076-8052792,"专 拽  5, 专砖",住拽,拽 
076-8052760,"砖'    1, ",住拽,拽 
076-8052520,"  18, 驻",住拽,拽 
076-8052508,"专 驻  30, 拽专转 转",住拽,拽 
076-8052481,"  2, 专 注拽",住拽,拽 
076-8052410,"注   5, 专",住拽,拽 
076-8052398,"专 注爪转  1,  注拽",住拽,拽 
076-8052370,"砖  139, 驻",住拽,拽 
076-8052310,"砖专转 注转  29, 专",住拽,拽 
076-8052260,"  45, 爪专转",住拽,拽 
076-8052231,"专  专 砖专41  41, 祝 ",住拽,拽 
076-8052200," 注  67, 注",住拽,拽 
076-8052170,"专    72, 注驻",住拽,拽 
076-8052153,"注 '  4, 爪驻转",住拽,拽 
076-8052140,"注爪转  61, 拽专转 转",住拽,拽 
076-8052090,"专 注  194, 拽专转 拽",住拽,拽 
076-8052047,"拽专  1, 拽专转 爪拽",住拽,拽 
076-8052020,"砖专住拽  4, 拽专转 砖",住拽,拽 
076-8051820,"注爪转  65, 驻转 转拽",住拽,拽 
076-8051780,"  128, 专注",住拽,拽 
076-8051720,"爪  19, 注转",住拽,拽 
076-8051688,"住拽  46, 专转 砖专",住拽,拽 
076-8051650,"专 注拽  60,  专拽",住拽,拽 
076-8051620,"住拽  22, 专爪",住拽,拽 
076-8051555,"住专  22, 驻转 转拽",住拽,拽 
076-8051534,"专专 住  68, 专",住拽,拽 
076-8051510,"住住拽  6, 转",住拽,拽 
076-8051450,"专 砖专  13, 转",住拽,拽 
076-8051410,"专  专  13,  专拽",住拽,拽 
076-8051390," 住  26, 转",住拽,拽 
076-8051380,"驻   9, 驻",住拽,拽 
076-8051355," 驻砖  11, 驻转 转拽",住拽,拽 
076-8051270,"注转   2, 专砖 注",住拽,拽 
076-8051240,""" 砖  1, 专转 ",住拽,拽 
076-8051012,"拽 住祝 住专  1, 专砖 爪",住拽,拽 
076-8051002,"专爪  1, 砖",住拽,拽 
076-8050933,"注 砖专  7, 转 ",住拽,拽 
076-8050910,"  33, 转 ",住拽,拽 
076-8050884,"  16, 专",住拽,拽 
076-8050810,"砖转  4, ",住拽,拽 
076-8050754,"专  1, ",住拽,拽 
076-8050733,"   2, ",住拽,拽 
076-8050720," 注专  2, 注--专注转",住拽,拽 
076-8050690,"专砖转 砖专  15, 专砖 爪",住拽,拽 
076-8050628,"爪  31, 住 爪",住拽,拽 
076-8050575,"驻住   13, ",住拽,拽 
076-8050550,"专砖""  1, 拽专转 ",住拽,拽 
076-8050480," 砖 砖驻专  1, 砖",住拽,拽 
076-8050470,"专爪  190, 专转",住拽,拽 
076-8050410,"砖专转 专爪  55, 专",住拽,拽 
076-8042690,"专爪  60, 转",专,拽 
076-8042670,"砖  123, 转  -驻",专,拽 
076-8042570,"专爪  163, 专转",专,拽 
076-8042470,"爪  132, 驻专 住",专,拽 
076-8042180,"专 3  1,  转注驻 -专",专,拽 
076-8042170,"  住专  13, ",专,拽 
076-8042150,"专  11, 砖",专,拽 
076-8041941,"砖  10, 专砖",专,拽 
076-8041930,"专 专抓  33, 专砖",专,拽 
076-8041920,"专 砖专  6, 专 ",专,拽 
076-8041910,"专驻住  88, 专砖",专,拽 
076-8041900,"  13, 专 注拽",专,拽 
076-8041850,"Hagalil  217, 住'",专,拽 
076-8041820,"转专  2, 拽注 注转",专,拽 
076-8041810,"住 砖 专砖  1, 砖驻专注",专,拽 
076-8041770,"  住专  13, ",专,拽 
076-8041760,"  住专  13, ",专,拽 
076-8041740,"  住专  13, ",专,拽 
076-8041730,"  住专  13, ",专,拽 
076-8041720,"  住专  13, ",专,拽 
076-8041710,"  住专  13, ",专,拽 
076-8041700,"专抓  12,  专拽",专,拽 
076-8041690,"驻专 ,  5, 专砖",专,拽 
076-8041670,"   6, 转 砖砖",专,拽 
076-8041660,"专 爪  6, 专 砖注",专,拽 
076-8041650,"砖' 专砖  12, 砖",专,拽 
076-8041630," 专  255, 专砖",专,拽 
076-8041620,"专' 注 '  4, 爪驻转",专,拽 
076-8041600,"专 住专 砖""驻  1, 祝 ",专,拽 
076-8041590,"  22, 爪专转",专,拽 
076-8041580,"砖 砖专专  3, 注转-转专砖",专,拽 
076-8041570,"   94, 转  -驻",专,拽 
076-8041550,"住拽  48, ",专,拽 
076-8041540," 住专  2, 转 ",专,拽 
076-8041520,"砖' 砖 注专  77,  注拽",专,拽 
076-8041510,"   146, 转  -驻",专,拽 
076-8041500,"专   20, 驻转 转拽",专,拽 
076-8041490,"拽住  1, 拽 -专",专,拽 
076-8041460,"  住专  13, ",专,拽 
076-8041440,"拽拽""  130, 专 砖注",专,拽 
076-8041430,"砖  55, 专砖 注",专,拽 
076-8041400,"转  16, ",专,拽 
076-8041390,"驻 砖专  7, 专砖",专,拽 
076-8041380," 住专  1, 驻专 住祝",专,拽 
076-8041370,"专 住专  1,  -驻",专,拽 
076-8041340,"   6, 专转 ",专,拽 
076-8041320,"注  6, 专转",专,拽 
076-8041300,"砖'    38, 注转 砖",专,拽 
076-8041290,"专 专砖转 砖专  15, 专砖 爪",专,拽 
076-8041280,"专  26, 转  -驻",专,拽 
076-8041260,"爪  61, 驻专 住",专,拽 
076-8041250,"专 砖   3, -住",专,拽 
076-8041230,"专 专   63, 砖专",专,拽 
076-8041220,"   12, 专爪",专,拽 
076-8041210," 注专  2, 注--专注转",专,拽 
076-8041200,"   9, 专砖",专,拽 
076-8041190,"注 驻  17, 驻转 转拽",专,拽 
076-8041180,"专 注  194, 拽专转 拽",专,拽 
076-8041170," 专爪  19, 专砖",专,拽 
076-8041150," 专  13,  专拽",专,拽 
076-8041140,"专 注爪转  16, -住",专,拽 
076-8041130,"专砖转  9, 专",专,拽 
076-8041120,"专 专转  108,  砖专",专,拽 
076-8041110,"  5, 住 爪",专,拽 
076-8041050," 转  1, 专转 专",专,拽 
076-8041020,"砖' 专砖  12, 砖",专,拽 
076-8040950,"砖   11, 专砖 爪",专,拽 
076-8040940,"砖  123, 转  -驻",专,拽 
076-8040930,"专  38, 转  -驻",专,拽 
076-8040920,"专驻专  54, 驻",专,拽 
076-8040900,"  专砖  8, 砖",专,拽 
076-8040890,"砖专转   34, 注专",专,拽 
076-8040870,"砖专转 转   77, 拽专转 砖",专,拽 
076-8040840,"住转 驻  8, 砖专转",专,拽 
076-8040830,"专注   1, 拽专 砖专",专,拽 
076-8040810,"注爪转  63, 驻转 转拽",专,拽 
076-8040790,"砖   12, 专砖",专,拽 
076-8040780,"   25, 转  -驻",专,拽 
076-8040770,"'住拽  7, 专转 ",专,拽 
076-8040740,"专砖  4, 注驻",专,拽 
076-8040730,"  17, 驻专住 -专专",专,拽 
076-8040720,"住拽  67, 专转 砖专",专,拽 
076-8040700,"砖' 转专  1, 转",专,拽 
076-8040680," 砖  13,  专拽",专,拽 
076-8040670," 砖  113, 拽专转 ",专,拽 
076-8040660,"'住拽  1, 专转 ",专,拽 
076-8040630,"注     1, 驻专 拽住",专,拽 
076-8040620,"  2, 专",专,拽 
076-8040610,"  105, 转  -驻",专,拽 
076-8040590,"转驻专转 砖专  26, 专砖",专,拽 
076-8040580,"注转 砖  24, 专砖",专,拽 
076-8040560," 专  20, ",专,拽 
076-8040550,"爪  65, 注转",专,拽 
076-8040541,"转 砖  2, 驻专转",专,拽 
076-8040530,"祝  45, 转  -驻",专,拽 
076-8040500,"'住拽  22, 拽专转 ",专,拽 
076-8040490,"砖' 砖  137, 驻",专,拽 
076-8040480,"  4, 拽专转 转",专,拽 
076-8040460,"砖' 专砖  3, 拽专转 ",专,拽 
076-8040450," 注  47, 注",专,拽 
076-8040440,"驻""  11, 驻",专,拽 
076-8040430,"注转  27, 专",专,拽 
076-8040420,"专 转转 拽  1, 砖",专,拽 
076-8040410,"  26, 驻",专,拽 
076-8040390,"砖   85, 转 砖",专,拽 
076-8040380,"砖' 爪  1, 专 注拽",专,拽 
076-8040370,"专爪 驻转 专' 拽砖  32, 驻拽",专,拽 
076-8040350,"专爪  73, 专砖 爪",专,拽 
076-8040340,"专爪  35, 专转",专,拽 
076-8040330,"砖' 砖  11, 拽专转 转",专,拽 
076-8040320," 住  16, 专",专,拽 
076-8040310,"爪拽 专  1, 驻转 转拽",专,拽 
076-8040300,"专驻  1,  专拽",专,拽 
076-8040290,"转  7, 驻转 转拽",专,拽 
076-8040280,"住专  1, 转转",专,拽 
076-8040270,"爪住  5, 砖",专,拽 
076-8040260,"拽专 住  31, 专 砖注",专,拽 
076-8040250,"驻专  58, 转 ",专,拽 
076-8040240,"转注""砖  13, 驻专 住",专,拽 
076-8040220,"驻  5, 转",专,拽 
076-8040210," 专  71, 转  -驻",专,拽 
076-8040200,"专爪  23, 专",专,拽 
076-8040190,"专拽  26, ",专,拽 
076-8040180,"转专  1,  转注驻 -专",专,拽 
076-8040170," 砖专  16, 专砖",专,拽 
076-8040160,"拽住 专  9, 砖",专,拽 
076-8040150,"住拽  6, 专爪",专,拽 
076-8040140,"专住转 专   1, 注转 砖",专,拽 
076-8040130,"专专  1, 专转 ",专,拽 
076-8040120,"住拽  95, ",专,拽 
076-8040110," 专  7, ",专,拽 
076-8040100,"爪  32, 转  -驻",专,拽 
076-8040080,"住专  35, 转  -驻",专,拽 
076-8040030,"   9, 专砖",专,拽 
076-8040010,"砖专 砖专  15, 专砖",专,拽 
076-8038181,"驻  1, 拽专 砖专",,拽 
076-8011838,"专砖  24,  专拽",专,拽 
076-8011412,"驻  5, 转",专,拽 
073-3816650,"专转 转 砖砖 '2, 转 砖砖",砖专 专转,驻转  
073-3816622,"拽专转 拽 , 注 ",砖专 专转,驻转  
073-3816611,""" 2, 转专 注转",砖专 专转,驻转  
073-3816600," 2, 转 砖砖",砖专 专转,驻转  
073-3495151,"""专 注 5, 祝 ",砖专 专转,驻转  
050-8806322,"砖 砖拽祝, 砖拽祝",,驻转  
050-6622403,"注专  注, 注专  注",砖专 专转,驻转  
050-6242575,", ",砖专 专转,驻转  
046-8072100,"注   200, 转转",专转,拽 
04-9998872,",   -'",砖专 专转,驻转  
04-9996098,"驻专 住祝, 驻专 住祝",砖专 专转,驻转  
04-9988464,"注, 注",砖专 专转,驻转  
04-9988084,"祝, 祝",砖专 专转,驻转  
04-9986430,"' -专,  0",转,专驻转 
04-9986184,"专,  0",转,专驻转 
04-9981555,"专 -住,  0",转,专驻转 
04-9979950,"专驻砖, 专驻砖",砖专 专转,驻转  
04-9979869,"住注, 住专-住注",砖专 专转,驻转  
04-9979745,"注, 注",砖专 专转,驻转  
04-9978002,"驻拽注, 驻拽注 (拽注)",砖专 专转,驻转  
04-9976560,", -'转",砖专 专转,驻转  
04-9976486,". 注 住祝, 注 注拽",转,驻转  
04-9972781,"驻拽注, 驻拽注 (拽注)",砖专 专转,驻转  
04-9971187,"专 住专, 驻专 专",转,驻转  
04-9967040,"'-专,  0",转,专驻转 
04-9966757," 住,  住",砖专 专转,驻转  
04-9966680,". 砖专转, 注拽",转,驻转  
04-9965339," 住,  住",砖专 专转,驻转  
04-9965154,"专,  1",转,专驻转 
04-9964520," 住,  住",砖专 专转,驻转  
04-9961188,"专,  0",转,专驻转 
04-9960666,"注 , 转 注拽",转,驻转  
04-9959266,"砖' 注转  37, 专",驻注,拽 
04-9959090,"砖 注转 38, 专",转,驻转  
04-9958458,".  注专, 砖专 ",转,驻转  
04-9952644,".  注专, 专",转,驻转  
04-9951000,"注 , 爪转 专  5, 专",住,拽 
04-9948759,"专, 专",砖专 专转,驻转  
04-9946660,", ",砖专 专转,驻转  
04-9943139,"专, 专",砖专 专转,驻转  
04-9941242,"专, 专",砖专 专转,驻转  
04-9940126,", ",砖专 专转,驻转  
04-9936100,"砖 爪拽 专 9, 拽注 注转",,驻转  
04-9933400,"专, 专 注 38",转,专驻转 
04-9922352," 29, 专",转,驻转  
04-9921902,"爪 84, 专",砖专 专转,驻转  
04-9911745,"砖 -住祝 8, 注",转,驻转  
04-9904300,"专, 爪转 2",转,专驻转 
04-9900785,"  6, 专",驻注,拽 
04-9900500,"砖注 专拽驻转 41, 专",转,驻转  
04-9896110,". 砖专 注拽, 砖专 注拽",转,驻转  
04-9895229,"注 砖驻, 注 砖驻",转,驻转  
04-9883823,"砖注,  0",转,专驻转 
04-9883716,"砖注, 砖注",砖专 专转,驻转  
04-9883270,"爪转 2, 专",转,驻转  
04-9881056,"驻专 专 住, 专 -住",砖专 专转,驻转  
04-9877050," 注  6, 注",驻注,拽 
04-9873070,"住专, 住专-住注",砖专 专转,驻转  
04-9870530,"驻住, 驻住",砖专 专转,驻转  
04-9866202,"专  拽住专, 专 -住专",砖专 专转,驻转  
04-9866024,"注, 注",砖专 专转,驻转  
04-9865345,"砖驻专注, 砖驻专注",砖专 专转,驻转  
04-9864708,"驻专 , 驻专 ",砖专 专转,驻转  
04-9864453,"驻专 , 驻专 ",砖专 专转,驻转  
04-9863614,"驻专 , 驻专 ",砖专 专转,驻转  
04-9861614," ,  ",转,驻转  
04-9860969,"爪驻 注, 注",转,驻转  
04-9859688,"转, 转",转,驻转  
04-9859113,"转, 转",转,驻转  
04-9857888,". 砖专转, 注专",转,驻转  
04-9855700,"专 ,  0",转,专驻转 
04-9854143,". 砖专转, 驻专 住专拽",转,驻转  
04-9852222,". 砖专转, 注 驻专抓",转,驻转  
04-9851300,"砖 注专, 注",转,驻转  
04-9851300,"注,  专 42",转,专驻转 
04-9851158,"专 专注 41, 注",,驻转  
04-9849211,"驻专 住 ', 驻专 住 '",转,驻转  
04-9848119,"专, 专",转,驻转  
04-9847995,"专拽驻转 7, 专住",,驻转  
04-9846511,"专住 2, 专住",转,驻转  
04-9845710,". 祝 专, 专 注爪",转,驻转  
04-9842020,"注转转, 专 3",转,专驻转 
04-9840667,"..祝 专, 爪专驻",转,驻转  
04-9839223,"专 砖注专 注拽, 砖注专 注拽",转,驻转  
04-9838111,"专 , ",转,驻转  
04-9832976,"专砖 1, 拽专转 注",砖专 专转,驻转  
04-9831247,"砖 注拽, 砖 注拽",转,驻转  
04-9829231,"专 砖 爪, 砖 爪",转,驻转  
04-9829178,"专注, 专注",砖专 专转,驻转  
04-9824236,".  注专, ",转,驻转  
04-9824079,"驻 祝 28, 专",转,驻转  
04-9822712,"祝 2, 专",转,驻转  
04-9821292,"砖专 15, 专",转,驻转  
04-9820904,"砖' , 砖' ",砖专 专转,驻转  
04-9813650,"砖驻专 24, 注",转,驻转  
04-9807429,"注专砖, 注专砖",砖专 专转,驻转  
04-9804645,"住住, -'转",砖专 专转,驻转  
04-9803135,"转 ',  0",转,专驻转 
04-9800180,". 砖, 专 专 砖",转,驻转  
04-9598055,"砖' 专  9, 拽注 注转",驻注,拽 
04-9589170,"转 注转 27, 专",转,驻转  
04-9583250,"住'专, 住'专",砖专 专转,驻转  
04-9578555," 专 4, 注转-转专砖",转,驻转  
04-9578555,"注转-转专砖,  专 4",转,专驻转 
04-9578050,"砖 砖专专  拽 爪  3, 注转-转专砖",驻注,拽 
04-9573132,"专 住专 驻专 专, 驻专 专",,驻转  
04-9569600,"'-专, 专 ",转,专驻转 
04-9568112,"砖 专  住 转 砖 专  专, 专",砖专 专转,驻转  
04-9562682,"'住, '住",砖专 专转,驻转  
04-9562572,"'-专, '-专",砖专 专转,驻转  
04-9560097,"驻专 住祝,  0",转,专驻转 
04-9559444,"注,  注 49",转,专驻转 
04-9559405," 注 49, 注",砖专 专转,驻转  
04-9536668,"注, 注-砖-''专",砖专 专转,驻转  
04-9534957,"专转 砖, 专转 砖",转,驻转  
04-9529400,"转 -专,  0",转,专驻转 
04-9518200,"砖' 注转  41, 专",,拽 
04-9505500,"拽专转 拽, 专 注 22",转,专驻转 
04-9502842,"专  拽住专, 专 -住专",砖专 专转,驻转  
04-9502339,"注, 注",砖专 专转,驻转  
04-9500784,"砖驻专注, 砖驻专注",砖专 专转,驻转  
04-9126601,"砖转 专 专'   ( 注 爪), 拽专转 砖",砖专 专转,驻转  
04-9090300,"专转 2, 拽注 注转",转,驻转  
04-9088000,"转 专 9, 专",砖专 专转,驻转  
04-9087400,"专, 转 注转 27",转,专驻转 
04-9087200,"专砖转  15, 专",,拽 
04-9087111,"砖 转 专 16, 专",转,驻转  
04-9087111,"专, 转 专 16",转,专驻转 
04-9079111,"砖 专砖 18, 注转-转专砖",转,驻转  
04-9079107,"砖转 注转 - 专 , 专 住专 驻专 专, 驻专 专",,驻转  
04-9078200,"砖 砖专专  3, 注转-转专砖",,拽 
04-9077003," (转  砖 专  专), 注转-转专砖",砖专 专转,驻转  
04-9076200,"专 住专 砖  1, 驻专 专",,拽 
04-9074000,"拽专转 , 专住 1",转,专驻转 
04-9069200,"拽 注  1, 专",驻注,拽 
04-9059528,"' 砖转 注  0, 砖驻专注",驻注,拽 
04-9058888,"砖驻专注,  0",转,专驻转 
04-9058400,"驻专 ,  0",转,专驻转 
04-9039228," 砖  1, 拽专转 注",驻注,拽 
04-9038200,"专转 砖, 注 专祝 32",转,专驻转 
04-9037300,"拽专转 注, 住专  2",转,专驻转 
04-9027800,"注,  ",转,专驻转 
04-9027300,"专 专 砖,  0",转,专驻转 
04-9027222,"爪转 3, 专",,驻转  
04-9020300,"专,  0",转,专驻转 
04-9017106," 注 39, 注",转,驻转  
04-9016300,"注,  砖 砖驻专 24",转,专驻转 
04-9007300,"-专,  0",转,专驻转 
04-8871200,"拽专转   1, 驻",,拽 
04-8813200,"专砖转  0, 驻",,拽 
04-8809500,"拽专转 ,   29",转,专驻转 
04-8809200,"拽专转 ,  4",转,专驻转 
04-8807555,"专砖转,  0",转,专驻转 
04-8807535,"驻转, 驻转",转,驻转  
04-8800400,"专 专抓 39, 专砖",转,驻转  
04-8796200,"专' 专砖   驻  0, 专",驻注,拽 
04-8789555,"拽专转 拽,  11",转,专驻转 
04-8781222,"拽专转 爪拽, 砖 注 4",转,专驻转 
04-8780645,"砖' 砖 砖  19, 拽专转 爪拽",驻注,拽 
04-8759759,"砖 专专 114, 驻",砖专 专转,驻转  
04-8749451,"砖 砖专转  6, 拽专转 ",驻注,拽 
04-8748200,"专 注  192, 拽专转 拽",,拽 
04-8685200,"专   111, 驻",住,拽 
04-8684321,"注爪转  37, 拽专转 转",,拽 
04-8681407,"驻""  2, 驻",驻注,拽 
04-8676687,"拽 注   0, 转 -专",,拽 
04-8658555,"驻, 住 砖拽专 5",转,专驻转 
04-8623110,"专专 92, 驻",砖专 专转,驻转  
04-8622973,"专 1, 驻",砖专 专转,驻转  
04-8621515,"驻, 专专 11",转,专驻转 
04-8614200,"专爪  63, 驻",,拽 
04-8612050,"  18, 驻",驻注,拽 
04-8606200,"拽  1, 驻",,拽 
04-8571703," 3, 专转 专",砖专 专转,驻转  
04-8561888,"爪 转注砖  20, 驻",,拽 
04-8561300,"驻 砖, 专 拽住专  8, 驻",驻注,拽 
04-8526676,"砖' 住转专转  271, 驻",驻注,拽 
04-8508228,"专爪  39, 专转 专",驻注,拽 
04-8479050,"注爪转  37, 拽专转 转",驻注,拽 
04-8471053,"爪 转注砖  3, 驻",驻注,拽 
04-8465300,"拽专转 拽, 砖专转 爪 65",转,专驻转 
04-8459223,". 驻专 , 专转 ",转,驻转  
04-8458745,"驻专 , 驻专 ",转,驻转  
04-8448396,"拽抓 转, 拽专转 转",砖专 专转,驻转  
04-8432300,"砖驻专注,  住 转 18",转,专驻转 
04-8430700,"拽专转 转, 注爪转 107",转,专驻转 
04-8430400,"拽专转 转,  注 4",转,专驻转 
04-8417830,"砖专 46, 驻",砖专 专转,驻转  
04-8396450,"转 -专, 转 -专",砖专 专转,驻转  
04-8395511,"转 -专, 转 -专",砖专 专转,驻转  
04-8393650,"转 -专,  0",转,专驻转 
04-8391813,"注住驻, 注住驻",砖专 专转,驻转  
04-8353359,"砖' 砖  111, 驻",驻注,拽 
04-8350200,"  1, 驻",,拽 
04-8305081,"专  15, 驻",驻注,拽 
04-8299400,"砖专, 专 专  83",转,专驻转 
04-8298454,"专驻专  47, 驻",驻注,拽 
04-8280300,"驻, 专 专 3",转,专驻转 
04-8233777,"住专   8, 驻",砖专 专转,驻转  
04-8218214,"专 22, 砖专",砖专 专转,驻转  
04-8209206,"专 砖  17, 砖专",驻注,拽 
04-8148316,"砖, 砖 -  -",砖专 专转,驻转  
04-8141816,".专转 砖, 专 专 砖",,驻转  
04-8141300,"驻,  专住 10",转,专驻转 
04-8134200," 转  1, 专转 专",,拽 
04-8130406,"专转 专, 爪'' 41",转,专驻转 
04-8130400,"专转 专, 爪'' 41",转,专驻转 
04-8118200,"住拽  1, 驻",,拽 
04-8117500,"  爪专转 , 砖 注拽祝 爪专转  1, 爪专转",驻注,拽 
04-8117222,"驻, 砖专转 专 73",转,专驻转 
04-8117117,"驻, 住住拽 3",转,专驻转 
04-8109250,"注  (拽 砖) 砖 注拽祝  672  0, 转 -专",驻注,拽 
04-8108300,"驻,   10",转,专驻转 
04-8040383,"祝 , ''专 注 9",转,专驻转 
04-8014200,"爪 转注砖  20, 驻",,拽 
04-7793200,"专 专砖  0, 驻专 ",驻注,拽 
04-7743900,"专 专抓 32, 专砖",转,驻转  
04-7707346,"专砖, 专 专抓 53",转,专驻转 
04-6994835," 砖砖  39, 爪驻转",驻注,拽 
04-6994700,"爪驻转, 专 住驻 1",转,专驻转 
04-6990192,"驻专 专, 专",砖专 专转,驻转  
04-6988119,"专注, 专注",转,驻转  
04-6987898,"专  专 专 专 专 , 专",砖专 专转,驻转  
04-6986225,"拽专, 拽专",转,驻转  
04-6984253,"注 拽, 注 拽",砖专 专转,驻转  
04-6983319,"驻专 住注, 住注",砖专 专转,驻转  
04-6983183,"' 砖住, ' 砖住",砖专 专转,驻转  
04-6981183,"拽注转, 拽注转",砖专 专转,驻转  
04-6963258,"拽转 爪, 拽转 爪",转,驻转  
04-6961510,"专 住专 转, 拽爪专",转,驻转  
04-6960518,"拽砖转, 拽砖转",转,驻转  
04-6960356,". 专转 , 转",转,驻转  
04-6960114,". 专转 , 专 ",转,驻转  
04-6958896,"砖注 拽驻住 1, 专砖 驻",转,驻转  
04-6956278,".  注, 砖专",转,驻转  
04-6955980,"爪转 爪转, 注转 住专  0, 拽专转 砖",驻注,拽 
04-6952612,".  注, 驻转",转,驻转  
04-6952538,"砖专, 砖专",转,驻转  
04-6946385,".  注, 驻专 注",转,驻转  
04-6941653,"砖驻专爪拽 20, 拽专转 砖",砖专 专转,驻转  
04-6939124,"转, 转",转,驻转  
04-6937375,"砖专 2, 爪专 转",砖专 专转,驻转  
04-6933777,".  注, ",转,驻转  
04-6932871,"拽抓 转 砖专, 转 砖专",转,驻转  
04-6920984,"砖转 注, 爪驻转",砖专 专转,驻转  
04-6915570,"住转专转  1, 爪专 转",驻注,拽 
04-6909200,"住  0, 专砖 驻",,拽 
04-6907555,".  注, 驻专 住",转,驻转  
04-6895061,"专注 专注, 注驻",砖专 专转,驻转  
04-6875218,"拽 驻专, 专 转注砖  0, ' 砖住",驻注,拽 
04-6869222,"爪专 转,  专 7",转,专驻转 
04-6868312,". 专 , 专",转,驻转  
04-6868227,"专 住专 ""住专 ""  0, 专砖 驻",驻注,拽 
04-6851300,"拽爪专, 砖 0",转,专驻转 
04-6840400,"专,  0",转,专驻转 
04-6836200,"砖' 转   83, 拽专转 砖",,拽 
04-6809800,"驻注,  0",转,专驻转 
04-6800924,", -专",砖专 专转,驻转  
04-6799215,".  转转, ",转,驻转  
04-6799193,"注转 , 注转 ",转,驻转  
04-6798866,"住专, 住专",转,驻转  
04-6798488,"专  5, 专",驻注,拽 
04-6796202,"专转  砖.', 专",砖专 专转,驻转  
04-6793879,".  转转, 专",转,驻转  
04-6793779,".  转转, 专注",转,驻转  
04-6788700,"专, '专 注专转 ",转,专驻转 
04-6788200,"砖 专 '专  0, 专",驻注,拽 
04-6784814,".  转转, 住",转,驻转  
04-6784729,"爪驻 驻, .. 转转 ",转,专驻转 
04-6784630,"'专, 专",砖专 专转,驻转  
04-6783430," 住, 住",砖专 专转,驻转  
04-6783265,"'专, 专",砖专 专转,驻转  
04-6783224,"专 , 专 ",砖专 专转,驻转  
04-6781059,"'专, 专",砖专 专转,驻转  
04-6780616,"专 , 专 ",砖专 专转,驻转  
04-6780249,"'专, 专",砖专 专转,驻转  
04-6770409,".  转转, 注 专",转,驻转  
04-6769237,"  , 砖 -  -",砖专 专转,驻转  
04-6768807,"转, 转",转,驻转  
04-6766868,"专转 1, 驻专 转专",砖专 专转,驻转  
04-6766110,".  转转, ",转,驻转  
04-6765317,".  转转, 驻专 拽砖",转,驻转  
04-6763170,". 专转 , 住驻",转,驻转  
04-6762017," ,  ",转,驻转  
04-6760104,"砖 , 砖 ",转,驻转  
04-6758777,". 注拽 专, 砖专",转,驻转  
04-6750802,".  转转, 转",转,驻转  
04-6749852,"注专, 注专",砖专 专转,驻转  
04-6744184,"注专, 注专",砖专 专转,驻转  
04-6743551,"住, 住'",砖专 专转,驻转  
04-6743028,"住, 住'",砖专 专转,驻转  
04-6742650,"注专, 注专",砖专 专转,驻转  
04-6742122,"注专,  0",转,专驻转 
04-6741801,"住',  0",转,专驻转 
04-6741371,"注专,  ",转,专驻转 
04-6741103,"住, 住'",砖专 专转,驻转  
04-6730984,"注-'转, 注-'转",砖专 专转,驻转  
04-6729403,"专, 砖 1",转,专驻转 
04-6727000,"专,   ",转,专驻转 
04-6715184," , ",砖专 专转,驻转  
04-6711700,"专, 祝 62",转,专驻转 
04-6700200,"专 专 (专住拽)  1, 专",,拽 
04-6679222,"专, 砖 爪 1",转,专驻转 
04-6675433,"专 62, 注转转",转,驻转  
04-6659226,"专 住专 砖 ""祝 ""  0,  ",驻注,拽 
04-6658105,". 注拽 专 14940, 注 ",转,驻转  
04-6657000,"注转 ,  0",转,专驻转 
04-6656222,"注拽 砖 8, 拽注 注转",转,驻转  
04-6656200,"拽注 注转, 注拽 砖 8",转,专驻转 
04-6655300,". 转 砖, 住",转,驻转  
04-6655300,"住,  0",转,专驻转 
04-6646600,"住驻,  0",转,专驻转 
04-6642200,"砖' 专  9, 拽注 注转",,拽 
04-6641110,"住,  0",转,专驻转 
04-6641030,"注拽,  0",转,专驻转 
04-6641025,"专住, 住 40",转,专驻转 
04-6638800,"专,  0",转,专驻转 
04-6627228,"专 住专  0, 驻专 转专",驻注,拽 
04-6620114,"专, 专 (专注)",砖专 专转,驻转  
04-6605515,"住  砖专转 专转 转, 住 注",转,驻转  
04-6605500," ,  0",转,专驻转 
04-6598800,". 专注, 专 (拽抓)",转,驻转  
04-6598000,". 专注, 专注",转,驻转  
04-6596887,"注转 专, 砖转 专拽专, 注驻",砖专 专转,驻转  
04-6591871,"转 注砖, 转 注砖",转,驻转  
04-6591491,". 注, 专 驻",转,驻转  
04-6577003,"专, 专",砖专 专转,驻转  
04-6576784,"专拽住 14, 祝 ",砖专 专转,驻转  
04-6564637,"砖砖, 祝 ",砖专 专转,驻转  
04-6561450,"住, 住",砖专 专转,驻转  
04-6558444,". 驻专 专砖, 驻专 专砖",转,驻转  
04-6557785,"专  7, 祝 ",驻注,拽 
04-6557110," 专,  0",转,专驻转 
04-6549807,"转, 转",转,驻转  
04-6549104,". 注拽 专注, 专",转,驻转  
04-6549000,"专 , 专转 ",转,驻转  
04-6548983,". 注拽 专注, 驻注转",转,驻转  
04-6546264,". 注, 砖专",转,驻转  
04-6542663,"转专转, 转专转",转,驻转  
04-6539155,". 注, 专",转,驻转  
04-6536788,"专 转 砖, 转 砖",转,驻转  
04-6535773,"注, 注",转,驻转  
04-6534952,"爪, 转 住祝",转,驻转  
04-6534100,". 注, 驻爪-",转,驻转  
04-6533900,". 注, 转 驻",转,驻转  
04-6532340,". 注, 专转 爪",转,驻转  
04-6532294,". 注, 转",转,驻转  
04-6531876,". 注, 驻专 拽",转,驻转  
04-6527615,"驻住 22, 注驻",砖专 专转,驻转  
04-6525742,". , ",转,驻转  
04-6524888,"注转 注, 注转 注",转,驻转  
04-6524615,"驻专住  1, 注驻",驻注,拽 
04-6520200," 9  23, 注驻",,拽 
04-6519510,"砖, 砖",砖专 专转,驻转  
04-6517808,"砖' 砖专, 专注",砖专 专转,驻转  
04-6517587,"注专, 注专",砖专 专转,驻转  
04-6517277,"砖 爪驻转  砖拽 ', 驻专 ",砖专 专转,驻转  
04-6515683,"专专, 专专",砖专 专转,驻转  
04-6515155,"注转 , 注转 ",转,驻转  
04-6515012,". 注拽 专注, ",转,驻转  
04-6509640,".  转转, 转 专",转,驻转  
04-6509111,"注拽祝 爪专转  83, 爪专转",住,拽 
04-6499379,"专, 专",转,驻转  
04-6490467,"砖 爪拽 1, 注驻",砖专 专转,驻转  
04-6489320,"转 砖, 专砖 专 9",转,专驻转 
04-6489070,"专砖 专  13, 转 砖",驻注,拽 
04-6488909,". 转 砖, 专  (转 注)",转,驻转  
04-6487200,"注驻,  砖专 6",转,专驻转 
04-6486716,"专 注 专, 注 专 ()",转,驻转  
04-6485310,"专 注 专, 注 专 ()",转,驻转  
04-6481180,"砖  61, 转 砖",,驻转  
04-6480115,". 转 砖, ",转,驻转  
04-6477300,"驻住 砖砖  701, 爪专转",驻注,拽 
04-6477100,"驻专住  1, 注驻",驻注,拽 
04-6470884,"注 , 砖' 专住 - 住 注爪 砖, 注 ",砖专 专转,驻转  
04-6470645,"专, 专'  , 专",砖专 专转,驻转  
04-6469005,"专, 专",砖专 专转,驻转  
04-6464460,".  转转, 爪驻专",转,驻转  
04-6461702,"注, 注",砖专 专转,驻转  
04-6458555,"祝 , 专 转 8",转,专驻转 
04-6455537,"注 , 砖' 专 - 住祝 驻专, 注 ",砖专 专转,驻转  
04-6452262,"砖注, 砖注",转,驻转  
04-6450979,"注注 18, 祝 ",砖专 专转,驻转  
04-6448055,"专 注拽  7,  注拽",驻注,拽 
04-6447070," 注拽,  2",转,专驻转 
04-6447065,"' -专, ' -专",砖专 专转,驻转  
04-6446600,"爪驻转, ""爪"""""" 13",转,专驻转 
04-6443808," 注拽,  注拽",砖专 专转,驻转  
04-6443808,"专住 5,  注拽",转,驻转  
04-6438806,"住, 住'",砖专 专转,驻转  
04-6437622,"砖, 专 注 28",转,专驻转 
04-6434431,"转 ', 转 '",砖专 专转,驻转  
04-6434317," 注, 驻专 -  注",砖专 专转,驻转  
04-6434027,"专 专转, 拽专转 砖",砖专 专转,驻转  
04-6432446,"砖转 驻专 砖驻专注, 砖驻专注",砖专 专转,驻转  
04-6429809,"专注, 专注",转,驻转  
04-6428700,"住,  0",转,专驻转 
04-6421420,"转 专拽, 转 专拽",转,驻转  
04-6420737,"驻, 注 注专",砖专 专转,驻转  
04-6420289,"住, 住",砖专 专转,驻转  
04-6419167,"驻专  爪驻转 - 住 转转 拽 驻, 驻专 ",砖专 专转,驻转  
04-6415120,"砖转 , 砖转 ",砖专 专转,驻转  
04-6412470,"专转  - 驻专砖, 专转 ",砖专 专转,驻转  
04-6411826,"专, 专",砖专 专转,驻转  
04-6411782,"驻专 , 砖' '  - 住 住, 驻专 ",砖专 专转,驻转  
04-6411451,"砖' 住专专 专注 2188, 专注",砖专 专转,驻转  
04-6409500,"注驻, 拽驻 3",转,专驻转 
04-6407385,"拽, 拽",砖专 专转,驻转  
04-6406511,"住, 住",转,驻转  
04-6401416,"爪, 爪",砖专 专转,驻转  
04-6400483,". 注,  专",转,驻转  
04-6399582,". 砖, 注 ",转,驻转  
04-6399158,"拽抓 转 12, 专 注拽",砖专 专转,驻转  
04-6393580,"住  49, 专 注拽",驻注,拽 
04-6387142,"专拽, 专拽",转,驻转  
04-6387000,". 砖, 爪专",转,驻转  
04-6382632,"', 拽 -专",砖专 专转,驻转  
04-6382102,"拽  专-专住, 拽 -专",砖专 专转,驻转  
04-6369525,"注转  (), 注转  ()",转,驻转  
04-6365965,". 砖, ",转,驻转  
04-6365431,". 注拽 驻专, 驻专 专""",转,驻转  
04-6364370,"砖转 , 砖转 ",转,驻转  
04-6361901,"注专   15, '住专 -专拽",砖专 专转,驻转  
04-6358076,"拽专注, 驻专 拽专注",砖专 专转,驻转  
04-6352756,"驻专 拽专注,  0",转,专驻转 
04-6351858,"注 , 住""",砖专 专转,驻转  
04-6351106,"注专注专, 注专注专",砖专 专转,驻转  
04-6351048,". 砖,  注",转,驻转  
04-6340228,"驻专 拽专注  0, 驻专 拽专注",驻注,拽 
04-6337867,"爪注 注专 1, 专",砖专 专转,驻转  
04-6334433,"注 砖专 2, 专",砖专 专转,驻转  
04-6329583,"专专 住  85, 专",驻注,拽 
04-6327000,"专,  3",转,专驻转 
04-6320003,". 驻专,  砖",转,驻转  
04-6316730,"注 专,  -驻",砖专 专转,驻转  
04-6315639,"专, 专",砖专 专转,驻转  
04-6313938,"砖转 专,  -驻",砖专 专转,驻转  
04-6311954,"砖专驻 注 注专, 注 注专",砖专 专转,驻转  
04-6311384,"住住, 注 注专",砖专 专转,驻转  
04-6302225,"转 SEVEN  1,  -驻",住,拽 
04-6299200,"驻专住,  0",转,专驻转 
04-6279067,"砖' 拽, 专 砖  1, 驻专住 -专专",驻注,拽 
04-6268201,"砖拽  8, 专 注拽",驻注,拽 
04-62535995,"拽爪专, 拽爪专",转,驻转  
04-6253296,"专注, 住""",砖专 专转,驻转  
04-6243000,"专 注拽,  2",转,专驻转 
04-6240200," 驻  22, 专",,拽 
04-6240000,"专, 转专""  20",转,专驻转 
04-6239888,"驻专住 -专专, 拽 99",转,专驻转 
04-6199227,"砖 爪  190, 拽 -专",驻注,拽 
04-6191155,"住',  0",转,专驻转 
04-6190200,"拽 -专,  0",转,专驻转 
04-6189400,"专 专砖 驻转 专   0, 住'",驻注,拽 
04-6182222,"住  8, -注转 注",驻注,拽 
04-6168600,"爪驻转, 爪' 13",转,专驻转 
04-6168400,"专 专砖  81, 驻专 ",驻注,拽 
04-6164950,"转 128, 拽爪专",,驻转  
04-6164310,"专 专抓 52, 专砖",,驻转  
04-6145200,"专   17, 驻专住 -专专",,拽 
04-6141800," 注拽, 砖专转 砖 注专 77",转,专驻转 
04-6141800," 2,  注拽",转,驻转  
04-6141790," -驻,  拽住 0",转,专驻转 
04-6141780,"转 ,  0",转,专驻转 
04-6126600,"专, 砖 专砖 66",转,专驻转 
04-6124200,"专,  驻 11",转,专驻转 
04-6123333,"爪专转,  注  注",转,专驻转 
04-6121600,"拽 -专,  0",转,专驻转 
04-6114183,"注 '专专,  -驻",砖专 专转,驻转  
04-6112303,"砖转 ',  -驻",砖专 专转,驻转  
04-6102400,"'住专 -专拽,  0",转,专驻转 
04-6102111,"专 注拽, 专砖 4",转,专驻转 
04-6098228,"专 住专 拽驻  1, 注驻",驻注,拽 
04-6096500,"砖 , 砖 ",转,驻转  
04-6093600,"专 驻,  0",转,专驻转 
04-6078923,"专转 爪, 专转 爪",转,驻转  
04-6070212,"专 拽, 转 驻",砖专 专转,驻转  
04-6070069,"(注拽),  (注拽)",砖专 专转,驻转  
04-6068201,". 转 砖, 驻专 专驻",转,驻转  
04-6067506,". 注, 注 注",转,驻转  
04-6066400,". 砖, 住转",转,驻转  
04-6065133,".  转转, 专砖驻",转,驻转  
04-6062907,". 转 砖, 注 爪""",转,驻转  
04-6062121,"砖转, 砖转",转,驻转  
04-6061300,"转 砖,   1",转,专驻转 
04-6061200,"砖转 , 转 砖",转,驻转  
04-6057300,"专 专砖 (砖 75)  0, 驻注",驻注,拽 
04-6057200,"专 专砖 砖转 注  0, 砖驻专注",住,拽 
04-6036600,"爪专转, 住 16",转,专驻转 
04-6029949,"砖转  砖专专, 住专-住注",砖专 专转,驻转  
04-6025222,"爪专转,  0",转,专驻转 
04-6025040,"注转  (),  0",转,专驻转 
04-6021999,"砖砖转, 驻 0",转,专驻转 
04-6021999,". 专转 , 砖砖转",转,驻转  
04-6011847,"驻注, 驻注",砖专 专转,驻转  
04-6011314,"注 拽,  0",转,专驻转 
04-6010959,"驻注 砖'  ', 驻注",砖专 专转,驻转  
04-49936100,"拽注 注转, 砖 爪拽 专 9",,专驻转 
04-49878400,"专, 驻住 4",,专驻转 
04-49865707,"砖驻专注,  -  ' ",,专驻转 
04-49851111,"注, 专 专注 41",,专驻转 
04-49037700,"拽专转 注, 专 1",,专驻转 
04-49027222,"专, 砖砖 128",,专驻转 
04-48781555,"拽专转 爪拽, 砖  专 80",,专驻转 
04-48563200,"专转 专, 专爪 39",,专驻转 
04-48431200,"拽专转 转, 注爪转 61",,专驻转 
04-48351111,"驻, 专爪 73",,专驻转 
04-48280400,"驻, 转 73",,专驻转 
04-48141845,"专住, 住 40",,专驻转 
04-46508888,"祝 , 注 爪拽 23",,专驻转 
04-46398262,"专 注拽, 专爪 48",,专驻转 
04-46305666,"专, 专  驻 13",,专驻转 
04-46164600," 注拽,  爪 120",,专驻转 
04-3731370,"专, 专",砖专 专转,驻转  
03-9780200,"注爪转  65, 驻转 转拽",,拽 
03-9765400,"专 住  1, 注",,驻转  
03-9757700,"  6, 专",驻注,拽 
03-9755200," 砖  10, 注",,拽 
03-9724417,"砖 注拽  30, 砖",,驻转  
03-9724417,"砖 注拽  30, 砖",转,驻转  
03-9723800,"砖' 注拽   30, 砖",驻注,拽 
03-9688438,"专砖  78, 专砖 爪",驻注,拽 
03-9687459,"专砖  13, 专砖 爪",驻注,拽 
03-9657722,"专驻 5, 专砖 爪",砖专 专转,驻转  
03-9652211,"注 18, 专砖 爪",砖专 专转,驻转  
03-9637151,"砖  30, 专砖 爪",驻注,拽 
03-9600847,"  25, 转 ",砖专 专转,驻转  
03-9599300,"专砖 爪, 专砖 21",转,专驻转 
03-9597800,"专砖 爪, 专砖 7",转,专驻转 
03-9595200,"转专  9, 专砖 爪",住,拽 
03-9545522,"专 爪  1, 专砖",,拽 
03-9545522,"驻 砖专  35, 专砖",,拽 
03-9545522,"  11, 专 注拽",,拽 
03-9545522,"砖 专砖, 住 驻专  0, 专",,拽 
03-9545522,"专""  14, 转专 注转",,拽 
03-9545522,"专  驻专砖  1, 转 砖砖",,拽 
03-9545522,"  专  9,  专拽",,拽 
03-9545522,"驻专  80, 转 ",,拽 
03-9545522," 专  2, 专爪",,拽 
03-9545522,"住 注专 专  0, 专",,拽 
03-9545522,"注  20, 专砖",,拽 
03-9545522,"专砖转  9, 专",,拽 
03-9545522,"爪专  4, 转",,拽 
03-9545522,"砖' 拽  2, 注 注转",,拽 
03-9545522," 专  1, 专砖 爪",,拽 
03-9545522,"驻  7, 专砖 爪",,拽 
03-9545522,"专  21, 转  -驻",,拽 
03-9545522,"   0, 砖驻专注",,拽 
03-9545522,"专  79, 专转 ",,拽 
03-9545522,"专 爪""  0, 拽专转 砖",,拽 
03-9545522," 专  0, 拽专转 ",,拽 
03-9545522,"注爪转  66, 拽专转 转",,拽 
03-9545522,"转  6, 拽爪专",,拽 
03-9545522,"砖 专砖 专 驻拽注 注专  0, 驻拽注 (拽注)",,拽 
03-9545522," 砖专  10, 转",,拽 
03-9545522,"专爪  63, 驻",,拽 
03-9545522,"驻  3, 拽专转 转",,拽 
03-9545522,"砖驻驻专  9, 转",,拽 
03-9545522,"拽转 住拽  7, 转  -驻",,拽 
03-9545522,"拽  5, 注 ",,拽 
03-9545522,"拽专 住  2, 专注",,拽 
03-9545522,"专 祝 注 专拽住  1, 注转-转专砖",,拽 
03-9545522,"专 驻专 祝  0, 祝",,拽 
03-9545522,"驻专驻住专 专 驻爪'专拽  19, 住 爪",,拽 
03-9545522,"  16, 爪专转",,拽 
03-9545522,"住  9, 爪专转",,拽 
03-9545522,"驻转  2, ",,拽 
03-9545522,"注   5, 转转",,拽 
03-9545522,"   72, 注驻",,拽 
03-9545522,"  4, 注专",,拽 
03-9545522,"专 专砖  0, 注专注专",,拽 
03-9545522,"砖专转 拽  119, 驻专住 -专专",,拽 
03-9545522,"爪拽 专  1, 驻转 转拽",,拽 
03-9545522,"住  4, 驻转 转拽",,拽 
03-9545522," 拽住  0, 拽住",,拽 
03-9545522,"  驻  0, 拽专转 专注",,拽 
03-9545522,"专 注  194, 拽专转 拽",,拽 
03-9545522,"拽专 住  29, 拽专转 转",,拽 
03-9545522,"专  17, 砖专转 爪",,拽 
03-9545522,"专  专  0, 拽专转 注",,拽 
03-9545522,"砖 专-住'专  0, 专",,拽 
03-9545522,"住  0, 专砖 驻",,拽 
03-9545522,"专爪  65, 专砖 爪",,拽 
03-9545522,"""  7, 专砖 爪",,拽 
03-9545522,"砖专转 专爪  84, 专",,拽 
03-9545522,"砖  2, 专转 ",,拽 
03-9545522,"拽  22, 专转 ",,拽 
03-9545522,"专砖   4, 专转 砖",,拽 
03-9545522,"转 砖专  3, 砖专转",,拽 
03-9545522,"住拽  69, 专转 砖专",,拽 
03-9545522,"注拽   30, 砖",,拽 
03-9545522,"专爪拽  43, 转  -驻",,拽 
03-9545522,"专拽 注专  11, 转  -驻",,拽 
03-9545522,"驻  26, 转  -驻",,拽 
03-9545522," '专'  61, 转  -驻",,拽 
03-9545522,"专注  19, 转  -驻",,拽 
03-9545522,"驻专  31, 转  -驻",,拽 
03-9545522,"砖专转 专 爪  106, 转  -驻",,拽 
03-9545522,"驻拽住  48, 转  -驻",,拽 
03-9545522,"拽  52, 转 ",,拽 
03-9545522,"砖专转 驻   7, 驻",,拽 
03-9545522,"注  36, 驻",,拽 
03-9545522,"砖砖  9, 转  -驻",,拽 
03-9545522," 专  71, 转  -驻",,拽 
03-9545522,"转驻拽   370, 砖驻专注",,拽 
03-9545522,"专爪  200, 专转",,拽 
03-9545522,"专    7, 专转 ",,拽 
03-9545522,"砖专转 砖 砖  90, 拽专转 爪拽",,拽 
03-9545522,"拽专 住  64, 拽专转 拽",,拽 
03-9545522,"  2, 拽专转 ",,拽 
03-9545522,"专砖  0, 住 爪",,拽 
03-9545522,"专砖转  2, 注",,拽 
03-9545522,"爪  64, 专",,拽 
03-9545522,"  住专  3, ",,拽 
03-9545522,"砖专转 砖 注专  77,  注拽",,拽 
03-9545522,"住 驻专  0, 专",,拽 
03-9545522,"注     0, 驻专 拽住",,拽 
03-9545522,"  1, 驻专 住",,拽 
03-9545522,"专注  28, 转  -驻",,拽 
03-9545522," '专'  22, 专砖",,拽 
03-9545522,"专 专砖  0, 驻专 ",,拽 
03-9545522," 住专  0, 专",,拽 
03-9545522,"注     3, 专砖",,拽 
03-9545522,"   19, 专砖",,拽 
03-9545522,"专""  21, 专砖",,拽 
03-9545522,"驻  208, 专砖",,拽 
03-9545522,"专砖  57, 驻转 转拽",,拽 
03-9545522,"拽砖  7, ",,拽 
03-9545522,"专 驻专  0, 专注",,拽 
03-9545522,"砖' 砖  107, 驻",,拽 
03-9545522,"  6, ",,拽 
03-9545522,"  17, 专",,拽 
03-9545522,"住拽  45, ",,拽 
03-9545522,"驻  15, 专爪",,拽 
03-9545522,"住 驻专  0, '住",,拽 
03-9545522,"  66, 转 -专",,拽 
03-9545522,"专 专砖 5333  60, ''",,拽 
03-9545522,"转 住 SEVEN, 住 注专  0,  -驻",,拽 
03-9545522,"专 驻专  0, 注",,拽 
03-9545522,"   6, 转 砖砖",,拽 
03-9545522,"  专  37, 专 砖注",,拽 
03-9545522,"转 WE CENTER  0, 拽 -专",,拽 
03-9545522,"砖  3, 砖",,拽 
03-9545522,"爪""  99, 砖",,拽 
03-9545522," 住注 拽 拽专  120, 专 ",,拽 
03-9545522,"砖专转 爪转  13, 砖",,拽 
03-9545522,"砖   11, 专砖 爪",,拽 
03-9545522,"专 专砖  0, 注",,拽 
03-9545522,"砖   81, 转 砖",,拽 
03-9545522,"转 专 驻专拽  14, 驻拽",,拽 
03-9545522,"砖' 转专  0, 转",,拽 
03-9545522,"爪拽 专专  11, 专 砖注",,拽 
03-9545522,"爪""  3, 砖",,拽 
03-9545522,"砖 爪  3, 砖",,拽 
03-9545522,"转专转 住转  11, 专 砖注",,拽 
03-9545522,"专 驻住  7, 专砖 注",,拽 
03-9545522,"专 爪  6, 专 砖注",,拽 
03-9545522,"住 驻专  0, 转 '",,拽 
03-9545522," 砖  54,  专拽",,拽 
03-9545522,"砖专转 注爪转  67, 转 ",,拽 
03-9545522,"爪住  67, 注转",,拽 
03-9545522,"专爪  30, 专转 专",,拽 
03-9545522,"  30, 专",,拽 
03-9545522," 砖砖  2, 爪驻转",,拽 
03-9545522,"专爪  4,  ",,拽 
03-9545522,"专 专抓  46, 专砖",,拽 
03-9545522,"专 住专  0, ",,拽 
03-9545522,"专 专转  96,  砖专",,拽 
03-9545522,"转专""  20, 专",,拽 
03-9545522,"砖转  14, 专爪",,拽 
03-9545522,"砖 专砖 住 注专  0, 住'",,拽 
03-9545522,"驻住   13, ",,拽 
03-9545522,"专 驻专  0, 专驻砖",,拽 
03-9545522,"专  14, 驻",,拽 
03-9545522,"驻  4, 驻",,拽 
03-9545522,"砖专转 砖  123, 驻",,拽 
03-9545522,"驻专  15, 专砖",,拽 
03-9545522,"专拽 注   0, 专",,拽 
03-9545522,"专  住'  12, 专",,拽 
03-9545522," 专  18, 祝 ",,拽 
03-9545522,"专 注爪转  54, -住",,拽 
03-9545522,"转专  2, 拽注 注转",,拽 
03-9545522,"砖专转 专爪  106, 专砖",,拽 
03-9545522,"砖专转    0, ",,拽 
03-9545522,"专 专  101, 专砖",,拽 
03-9545522,"驻  206, 专砖",,拽 
03-9545522,"专转  2, 注--专注转",,拽 
03-9545522," 砖专  30, 专砖",,拽 
03-9545522,"住 驻专  0, ",,拽 
03-9545522,"爪  139, 驻专 住",,拽 
03-9545522,"专 专砖  0, 驻专 住祝",,拽 
03-9545522,"专 住专 住驻专  0,  专",,拽 
03-9545522,"驻转  1, ",,拽 
03-9536200," 专  5, 专砖 爪",,拽 
03-9484200,"专砖  14, 专砖 爪",,拽 
03-9480800,"专砖 爪, 驻拽 31",转,专驻转 
03-9455566,"注专 39, 专砖 爪",砖专 专转,驻转  
03-9428200,"专砖 爪, 住转 8",转,专驻转 
03-9412574,"转专转 30, 专砖 爪",砖专 专转,驻转  
03-9410904," 住专拽 3, 专砖 爪",砖专 专转,驻转  
03-9409200,"专驻 转  3, 驻转 转拽",驻注,拽 
03-9396237,"专 131 24, ''",砖专 专转,驻转  
03-9395777,"砖驻  3, 驻转 转拽",,拽 
03-9391298," 爪  1, 驻转 转拽",驻注,拽 
03-9386474,"拽抓 砖, 砖",转,驻转  
03-9386012,"专拽  1, 专砖 注",驻注,拽 
03-9385777,"专砖 注, 住  2",转,专驻转 
03-9385700,"专砖 注, 专 砖 15",转,专驻转 
03-9385175,"拽抓 注转, 注转",转,驻转  
03-9374900,"拽抓 注转 砖砖, 注转 砖砖",转,驻转  
03-9371200,"专 专-  2, 专",,拽 
03-9362925," 47, 砖注专 砖专",转,驻转  
03-9327885,"砖 专, 专",转,驻转  
03-9321292,"砖 2, 驻转 转拽",砖专 专转,驻转  
03-9306962,"专 注拽 13, 驻转 转拽",砖专 专转,驻转  
03-9270200,"专砖 爪  1, 驻转 转拽",,拽 
03-9241885,"住 爪 5, 驻转 转拽",砖专 专转,驻转  
03-9181610,"专,  0",转,专驻转 
03-9129200,"驻转 转拽, 转 爪 66",转,专驻转 
03-9124300,"'',  0",转,专驻转 
03-9120400,"驻转 转拽,  注专 26",转,专驻转 
03-9120200,"砖驻  3, 驻转 转拽",住,拽 
03-9114200,"砖注 砖专专 11  11, 驻转 转拽",,拽 
03-9101428,"注爪转  65, 驻转 转拽",驻注,拽 
03-9101200,"驻转 转拽, 专砖 爪 1",转,专驻转 
03-9087880,"砖 4, 注",砖专 专转,驻转  
03-9085301," 专 住专 专转, 专转",转,驻转  
03-9084422,"驻转 转拽, 注爪转 63",转,专驻转 
03-9084400,"驻转 转拽, 专住拽 8",转,专驻转 
03-9084300,"驻专 拽住, 住   1",转,专驻转 
03-9084250,"专转 , 专  '住拽 105",转,专驻转 
03-9084220," 转拽, 专 专 7",转,专驻转 
03-9084210,"注, 专 住祝 拽专 3",转,专驻转 
03-9082400,"驻转 转拽, 注''砖 砖驻拽 9",转,专驻转 
03-9077400,"专 住专 拽, 拽",转,驻转  
03-9077111," 砖  94, 注",驻注,拽 
03-9071834,"住, 驻专 拽住",砖专 专转,驻转  
03-9071595,"  专, 驻专 拽住",砖专 专转,驻转  
03-9066777,"注, 专  砖 94",转,专驻转 
03-9065800,"专, 专 砖 41",转,专驻转 
03-9065200,"专 专 4, 专",转,驻转  
03-9065050,"注专 1, 专",,驻转  
03-9051616,"驻转 转拽, 专砖 171",转,专驻转 
03-9028200,"专 84, 转",转,驻转  
03-9021186," 专 22, 专砖 注",砖专 专转,驻转  
03-9003200,"   18, 专砖 注",,拽 
03-7977040,"砖' 专砖  42, 转  -驻",,拽 
03-7968200,"砖' 拽  2, 注 注转",,拽 
03-7931825,"   98, 转  -驻",驻注,拽 
03-7900985,"砖, 拽专 住 8",转,专驻转 
03-7685200,"爪""  71, 转  -驻",,拽 
03-7647600,"专注  19, 转  -驻",专转,拽 
03-7607222,"专 31, 专转 砖专",转,驻转  
03-7605200,"住驻  33, 专转 砖专",,拽 
03-7600813,"转  6, 专转 砖专",转,驻转  
03-7535200,"转  23, 专转 ",,拽 
03-7531625,"   12, 专转 ",驻注,拽 
03-7462070,"驻转   12, 专砖 注",,驻转  
03-7462050,"转专 , 注 ",,驻转  
03-7462040,"专 住专 拽 2, 专",,驻转  
03-7450400,"专  26, 转  -驻",转,驻转  
03-7385200,"注转 砖, 专 10",转,专驻转 
03-7378300,"拽专转 , 砖  37",转,专驻转 
03-7356400,"驻  驻专 2, -住",转,驻转  
03-7331200,"砖拽  3, 注转",,拽 
03-7252200," 专  71, 转  -驻",驻注,拽 
03-7248400,"驻专 14, 转  -驻",注专转 转  驻,驻转  
03-7248333,"专 专-  195, 转  -驻",注专转 转  驻,驻转  
03-7248311,"转 15, 转  -驻",注专转 转  驻,驻转  
03-7248282,"拽 18, 转  -驻",注专转 转  驻,驻转  
03-7248262,"砖 3, 转  -驻",注专转 转  驻,驻转  
03-7248258,"专砖 爪 3, 转  -驻",注专转 转  驻,驻转  
03-7248222,"拽砖转 8, 转  -驻",注专转 转  驻,驻转  
03-7248212,"注专 8, 转  -驻",注专转 转  驻,驻转  
03-7248181,"注专转 17, 转  -驻",注专转 转  驻,驻转  
03-7248161,"专砖 14, 转  -驻",注专转 转  驻,驻转  
03-7248121," 爪拽 20, 转  -驻",注专转 转  驻,驻转  
03-7240366,"专砖 14, 转  -驻",注专转 转  驻,驻转  
03-7214100,"专 住专 1, 专转",,驻转  
03-7146600,"住专  40, 转  -驻",驻注,拽 
03-7140300,"爪专  4, 转",驻注,拽 
03-7140300,"专拽  26, ",驻注,拽 
03-7102270,"砖' 砖  127, 驻",,拽 
03-6984200,"砖  7, 转  -驻",,拽 
03-6972055,"专  27, 转  -驻",注专转 转  驻,驻转  
03-6946200,"爪  32, 转  -驻",,拽 
03-6941555,"转  - 驻, 砖驻专爪拽 15",转,专驻转 
03-6935769," 驻专砖  3, 转  -驻",驻注,拽 
03-6799200,"拽  10, 专转 ",住,拽 
03-6790217,"注专专 24, 注转",转,驻转  
03-6790200,"注转, 注专专 24",转,专驻转 
03-6771286,""" 16, 专转 ",砖专 专转,驻转  
03-6757200,"拽  10, 专转 ",,拽 
03-6752647,"拽  32, 专转 ",驻注,拽 
03-67248148,"驻驻 6, 转  -驻",注专转 转  驻,驻转  
03-6714200,"专转 ,  6",转,专驻转 
03-6713600,"专转 , 爪'' 32",转,专驻转 
03-6713111,"住  37, 转 ",驻注,拽 
03-6711400,"专转 , 专 专 19",转,专驻转 
03-6711200,"专  29, 专转 ",驻注,拽 
03-6591729,"转专  1, 注专",驻注,拽 
03-6532407,"爪  10, 专",驻注,拽 
03-6532407,"砖' 爪转  1, ",驻注,拽 
03-6510398,"拽 165/166, ",砖专 专转,驻转  
03-6506200,"砖专  1, ",,拽 
03-6503600,"专, 爪 25",转,专驻转 
03-6501517,"爪专  5, 专",驻注,拽 
03-6462849,"专  33, 转  -驻",驻注,拽 
03-6452155,"驻住 专  28, 转  -驻",驻注,拽 
03-6450200,"驻住 专  72, 转  -驻",,拽 
03-6403200,"转 爪专  15, 转  -驻",,拽 
03-6371500,"专    52, 转  -驻",驻注,拽 
03-6371203,"   62, 转  -驻",驻注,拽 
03-6360225,"专   63, 转  -驻",驻注,拽 
03-6343401,"专   10, 专 ",转,驻转  
03-6311319,"砖注 8, 专转 ",砖专 专转,驻转  
03-6304600,"转  - 驻,  8",转,专驻转 
03-6300433," 专  58, 转  -驻",驻注,拽 
03-6276611,"砖拽 驻专  3, 专砖 注",,拽 
03-6232636,"专    23, 转  -驻",驻注,拽 
03-6231729,"   65, 转  -驻",驻注,拽 
03-6183470,"  48,  专拽",砖专 专转,驻转  
03-6174200,"注拽   4,  专拽",,拽 
03-6162850,"专 注拽 86,  专拽",砖专 专转,驻转  
03-6159600," 专拽, 专  注拽 4",转,专驻转 
03-6156200,"专 注拽  86,  专拽",,拽 
03-5779600," 专拽, 注  13",转,专驻转 
03-5777322,"专 注拽  108,  专拽",驻注,拽 
03-5777200," 专拽, 专 注拽 83",转,专驻转 
03-5762200,"转  23, 专转 ",,拽 
03-5734620,"专  专  182, 注转",,驻转  
03-5721515,"爪  20, 注转",驻注,拽 
03-5704098,"专  注拽 4,  专拽",砖专 专转,驻转  
03-5680200,"爪拽 砖  7, 转  -驻",,拽 
03-5676600,"专砖  50, 转  -驻",驻注,拽 
03-5675792,"   62, 转  -驻",驻注,拽 
03-5675522,"   62, 转  -驻",驻注,拽 
03-5674395,"砖' 专砖  46, 转  -驻",驻注,拽 
03-5673600,"砖专转 专砖  50, 转  -驻",驻注,拽 
03-5673333,"砖' 专砖  50, 转  -驻",驻注,拽 
03-5649200,"专抓  10,  专拽",,拽 
03-5645845,"砖转  35, 专爪",,拽 
03-5645222,"砖专转 专砖  42, 转  -驻",,拽 
03-5641411,"砖' 专砖  38, 转  -驻",住,拽 
03-5635353,"砖  84, 转  -驻",,拽 
03-5586872,"专 爪驻 6, ",砖专 专转,驻转  
03-5571200,"专转  2, ",,拽 
03-5570753,"专拽   26, ",驻注,拽 
03-5556900,"转 , 专 住专转 3",转,专驻转 
03-5555619,"爪 转专, 专 转  12, ",驻注,拽 
03-5554420," 驻专拽  31, 转 ",驻注,拽 
03-5540591,"专 砖 2, ",砖专 专转,驻转  
03-5526771,"驻专 152, 转 ",砖专 专转,驻转  
03-5516865," 1/, 转 ",砖专 专转,驻转  
03-5484646,"爪 3, 专转 砖专",,驻转  
03-5481344,"住拽  90, 专转 砖专",驻注,拽 
03-5433808,"专专 1, 驻转 转拽",砖专 专转,驻转  
03-5428300," , 拽 14  12, 专转 ",驻注,拽 
03-5421324,"驻拽住  32, 转  -驻",驻注,拽 
03-5395300,", 爪 砖 19",转,专驻转 
03-5395300,"爪 砖 19, -住",转,驻转  
03-5394200,"砖' 专砖  136, 转转",,拽 
03-5392300,"专 专砖 4, -住",转,驻转  
03-5391133,"爪  9, -住",驻注,拽 
03-5389155," 住注  123, 专 ",驻注,拽 
03-5387222,"驻专 1, 专 ",,驻转  
03-5385200,"专 , 驻专 3",转,专驻转 
03-5344995,"拽 拽专转 , 拽专转 ",转,驻转  
03-5322664,"注专  6, 注转 砖",砖专 专转,驻转  
03-5316200,"砖   37, 拽专转 ",,拽 
03-5310710,"驻转 拽 转 拽, 专",转,驻转  
03-5308300,"拽专转 ,  31",转,专驻转 
03-5308200,"祝  33, 住",,拽 
03-5304111,"拽 拽专转 , 拽专转 ",,驻转  
03-5300240,"砖  57, 拽专转 ",驻注,拽 
03-5269355,"祝  64, 转  -驻",驻注,拽 
03-5267630,"砖 注-专, .转. 专 (注 专)  0, 注",住,拽 
03-5208200,"专住  2, 转  -驻",,拽 
03-5206233,"祝  205, 转  -驻",驻注,拽 
03-5196662,"专砖  42, 转  -驻",,拽 
03-5196111,"砖' 专砖  42, 转  -驻",,拽 
03-5155558,"砖' 专砖  16, 转  -驻",驻注,拽 
03-5133222,"住  4, 转  -驻",专,拽 
03-5132750,"  23, 专砖",住,拽 
03-5132745,"专 专砖  0, 住'",住,拽 
03-5132740,"专 住专 转转 拽 驻  0,  专",住,拽 
03-5122630,"砖' 砖专 专  34, 转  -驻",驻注,拽 
03-5063536,"拽砖 拽专 4, 转 ",砖专 专转,驻转  
03-5048560,"转 砖 5, ",砖专 专转,驻转  
03-5025398,"爪  46, ",驻注,拽 
03-5021414,", 拽 砖' 45",转,专驻转 
03-5020455,"砖拽专  39, ",驻注,拽 
03-5003333,"转 , 住驻 82",转,专驻转 
03-5003200,"住驻  62, 转 ",,拽 
03-5001343,"专 住   37, 转 ",驻注,拽 
03-39541111,"专砖 爪, 专砖 15",,专驻转 
03-39392626,"驻转 转拽, 砖驻 住 3",,专驻转 
03-39065050,"专, 注专 1",,专驻转 
03-36750333,"专转 , 专 4",,专驻转 
03-35771313," 专拽, 专 注拽 86",,专驻转 
03-35771313," 专拽, 专  64",,专驻转 
03-35630333,"转  - 驻, 驻专 10",,专驻转 
03-35484646,"专转 砖专, 爪 3",,专驻转 
03-35425252,"转  - 驻, 砖"" 7",,专驻转 
03-35304111,"拽专转 , 专砖 39",,专驻转 
03-35122122,"转  - 驻, 转拽 36",,专驻转 
03-35025252,", 驻 13",,专驻转 
03-35004444,"转 , 拽砖 拽专 20",,专驻转 
03-35001212,"转 , 爪住 专 37",,专驻转 
02-9975318,"爪 驻转 驻 砖专, 转 ",转,驻转  
02-9967888,"拽专转 专注,  驻 0",转,专驻转 
02-9961755," 专 专驻, 拽专转 专注",砖专 专转,驻转  
02-9961391,"转拽注, 转拽注",,驻转  
02-9947313,"专  注, 注",,驻转  
02-9947070,". 驻专, 注",转,驻转  
02-9939775," 转 41, 注转 ",转,驻转  
02-9939666,"驻专转, 砖   0",转,专驻转 
02-9937211,"转 砖砖, 砖专转   1",转,专驻转 
02-9932140,"转. 1041, 驻专转",,驻转  
02-9914008,"砖专 1, 砖专 (-)",转,驻转  
02-9906400," 驻专砖  1, 转 砖砖",,拽 
02-9905249,"砖'  , 拽  驻砖  3, 转 砖砖",驻注,拽 
02-9903888,"转 砖砖,  爪 2",转,专驻转 
02-9902444," 爪  16, 转 砖砖",驻注,拽 
02-9705700,"转 砖专 2,  注拽",转,驻转  
02-6756888,"  10, 专砖",,拽 
02-6733912," 专 172, 专砖",注专转 专砖,驻转  
02-6716575,"住 注拽 4, 专砖",注专转 专砖,驻转  
02-6594743,".  , 注 ",转,驻转  
02-6580161," 爪 67, 专",砖专 专转,驻转  
02-6548787,"驻 砖专  22, 专砖",驻注,拽 
02-6544200,"驻 砖专  2, 专砖",,拽 
02-6493454,"转 驻注  2  2, 专砖",驻注,拽 
02-6472200,"砖 砖专  2, 转专 注转",驻注,拽 
02-6469222,"专砖, 专 1",转,专驻转 
02-6468666,"专砖, 爪 爪拽 800",转,专驻转 
02-6465225,"专  8, 专砖",驻注,拽 
02-6442300,"专砖, 爪专 专 ",转,专驻转 
02-6438275,".. 专  90885, 注",转,驻转  
02-6402100,"砖专 6, 专砖",注专转 专砖,驻转  
02-6312278,"专  2, 转 砖砖",砖专 专转,驻转  
02-6311500,"专  5, 转 砖砖",砖专 专转,驻转  
02-6288187,"专注 住, 注专 注转拽, 专砖",住专 ,驻转  
02-6288172,"-专专 36, 专砖",住专 ,驻转  
02-6237200,"砖  16, 专砖",住,拽 
02-6219570," 专爪  19, 专砖",,拽 
02-6219200,"驻 砖专  2, 专砖",,拽 
02-6207676," '专'  16, 专砖",驻注,拽 
02-5959200,"砖专  16, 专砖",,拽 
02-5953777,"转 砖砖, 拽拽  11",转,专驻转 
02-5940482,"转专  45, 专砖",,驻转  
02-5906330,"砖专转  11, 爪驻 专",转,驻转  
02-5893788,"专砖, 拽专  5",转,专驻转 
02-5893720,"专砖, 拽专  5",转,专驻转 
02-5889555,"专砖, 驻专 12",转,专驻转 
02-5887000,"专"" 20, 转专 注转",转,驻转  
02-5859908,"专砖, '住专  爪祝 2",转,专驻转 
02-5855779,"住 52, 注 ",转,驻转  
02-5849428,"砖 专  拽住, 专砖",砖专 专转,驻转  
02-5843888,"专砖, 专  6",转,专驻转 
02-5843666,"专砖, 住专转 专砖转 11",转,专驻转 
02-5841419,"砖' 砖   106, 专砖",驻注,拽 
02-5725480,"砖 砖专 1, 转专 注转",,驻转  
02-5724228,"住驻  801, 专砖",驻注,拽 
02-5723200,"专""  6, 转专 注转",,拽 
02-5712769,"砖 注  20, 专砖",注专转 专砖,驻转  
02-5705600,"专  1, 砖专转 爪",驻注,拽 
02-5698554,"注  38, 专砖",驻注,拽 
02-5698200,"拽专 住  32, 专砖",,拽 
02-5683550,"专 专  101, 专砖",驻注,拽 
02-5677677,"专砖, 住转 砖专 14",转,专驻转 
02-5647788,"专砖, 专 4",转,专驻转 
02-5619888,"转 砖 2, 驻专转",转,驻转  
02-5612761,"砖转  注住, 专砖",注专转 专砖,驻转  
02-5600200,"拽专 住  32, 专砖",,拽 
02-5482888,"专砖, 专转 专 10",转,专驻转 
02-5480888,"转专 注转, 注专 注 1",转,专驻转 
02-5468622," 拽住 57, 专砖",注专转 专砖,驻转  
02-5468614,"专 专驻, 专砖",注专转 专砖,驻转  
02-5468510,"专注 , 专砖",注专转 专砖,驻转  
02-5468415,"拽拽 6, 专砖",注专转 专砖,驻转  
02-5468252,"专驻 拽转 4, 专砖",注专转 专砖,驻转  
02-5468033,"砖'专转  专 10, 专砖",注专转 专砖,驻转  
02-5468026,"""专 抓 47, 专砖",注专转 专砖,驻转  
02-5457980," 专转 22, 专砖",注专转 专砖,驻转  
02-5457920,"专 42, 专砖",注专转 专砖,驻转  
02-5457796,"转专 4, 专砖",注专转 专砖,驻转  
02-5457794," 26, 专砖",注专转 专砖,驻转  
02-5457780,"注专  7, 专砖",注专转 专砖,驻转  
02-5457390,"专 注拽 6, 专砖",注专转 专砖,驻转  
02-5457386,"驻住 42, 专砖",注专转 专砖,驻转  
02-5457378,"专  3, 专砖",注专转 专砖,驻转  
02-5457369,"专 拽专 17, 专砖",注专转 专砖,驻转  
02-5456698,"专 3, 专砖",注专转 专砖,驻转  
02-5456681,"注专  4, 专砖",注专转 专砖,驻转  
02-5456677,"砖"" 83, 专砖",注专转 专砖,驻转  
02-5456427,"住专 专转 102, 专砖",注专转 专砖,驻转  
02-5456384,"爪驻转 23, 专砖",注专转 专砖,驻转  
02-5456262,"专砖, 专砖",注专转 专砖,驻转  
02-5456243,"住 砖注 10, 专砖",注专转 专砖,驻转  
02-5453741,"住专爪拽 40, 专砖",注专转 专砖,驻转  
02-5437200,"住驻  17, 专砖",,拽 
02-5412111,"注 , 专 拽 5",转,专驻转 
02-5360400,"转 2, 注转 ",转,驻转  
02-5360336," 48, 注转 ",转,驻转  
02-5359111,"注 ,  0",转,专驻转 
02-5355069,"注 , 拽专 1",转,专驻转 
02-5344424,"砖 57, 砖专转 爪",砖专 专转,驻转  
02-5342763,"驻 6,  砖",砖专 专转,驻转  
02-5341815,"专""祝 7, 拽专转 注专",砖专 专转,驻转  
02-5332435,"专 住, 注 拽",砖专 专转,驻转  
02-5331870,"砖专转 爪,  0",转,专驻转 
02-5331777,"砖专转 爪, 专 2",转,专驻转 
02-5327768,"专 砖注驻 50, 专砖",注专转 专砖,驻转  
02-5320733,"  21, 专砖",驻注,拽 
02-5315200," ,  2, 拽 10  2, 专砖",驻注,拽 
02-5311519," 砖专  32, 专砖",驻注,拽 
02-5016815,"转. 专 12000 拽专转 住  0, 专砖",,拽 
02-5016813,"专 驻""  3, 拽专转 转",,拽 
02-5011200,"注住  12, 专砖",,拽 
02-5009911,"爪  14, 转  -驻",,拽 
02-5009911,"砖专   3, 专砖 爪",,拽 
02-5009911,""" 砖  9, 专转 ",,拽 
02-5009911,"砖注 拽  14, 注驻",,拽 
02-5009911,"爪转 转  1, 专转 砖专",,拽 
02-5009911,"专 爪住  2, 驻专 住",,拽 
02-5009911,"砖  爪  21, 专",,拽 
02-5009911,"驻专  72, 转 ",,拽 
02-5009911,"   3, 转 砖砖",,拽 
02-5009911,"砖' 专  44, 驻",,拽 
02-5009911,"爪 转专  12, ",,拽 
02-5009911,"砖' 爪拽 专  10, 专砖",,拽 
02-5009911,"专 拽  5, 注 ",,拽 
02-5009911,"专爪  60, 转",,拽 
02-5009911,"砖 砖  18, 拽专转 拽",,拽 
02-5009911,"   28, 注--专注转",,拽 
02-5009911,"专爪  64, 专",,拽 
02-5009911,"专  80, 专砖",,拽 
02-5009911,"   4, 专",,拽 
02-5009911,"转 住驻专 转""专  1, 专砖",,拽 
02-5009911,"转  22, 驻",,拽 
02-5009911,"  62, ",,拽 
02-5009911,"专 爪  6, 专 砖注",,拽 
02-5009911,"  1, 砖",,拽 
02-5009911,"专 祝  1, 专 注拽",,拽 
02-5009911,""" 住祝 专驻  1, 专 注拽",,拽 
02-5009911,"专 砖  1, 专",,拽 
02-5009911,"砖'  专  13, 砖",,拽 
02-5009911,"专' 注 砖  8, 驻",,拽 
02-5009911,"  14, 专砖",,拽 
02-5009911,"专  1, 驻转 转拽",,拽 
02-5009911,"专爪  52, 专砖 爪",,拽 
02-5009911,"砖专转 砖""专  33, 专 砖注",,拽 
02-5009911,"注  1, 祝 ",,拽 
02-5009911,"砖' 砖   166, 专砖",,拽 
02-5009911,"  驻专  2, 专转",,拽 
02-5009911,"驻 砖专  62, 专砖",,拽 
02-5009911,"注   5, 专",,拽 
02-5009911,"砖专转 砖专  35, 转  -驻",,拽 
02-5009911,"注专  7, 转",,拽 
02-5009911,"专注  19, 转  -驻",,拽 
02-5009911,"专  专  10, 专转 ",,拽 
02-5005245,"驻  216, 专砖",驻注,拽 
02-29917587,"转 砖砖, 专 专 爪拽 2",,专驻转 
02-26238238,"专砖, 专驻住 40",,专驻转 
02-25940444,"专砖, 转专  45",,专驻转 
02-25060500,"转 砖砖, 拽  22",,专驻转 
*5727,"专  30, 专砖",专砖,拽 
*5400,"砖 35, 驻",砖专 专转,驻转  
*5400,"专转 29, 砖",砖专 专转,驻转  
*5400,"专 砖专专 砖注 8, 驻转 转拽",砖专 专转,驻转  
*5400," 砖 32, 转 砖砖",砖专 专转,驻转  
*5400," 6, 专 注拽",砖专 专转,驻转  
*5400,"爪驻爪驻 2, 注 ",砖专 专转,驻转  
*5400,"砖 5, 砖",砖专 专转,驻转  
*3555," 爪 120,  注拽",,驻转  
*3450, 拽专 25,砖转 专砖转 住 专,砖转 专砖转 住 
*3450,专 砖 (住) 53 转 -驻,砖转 专砖转 住 专,砖转 专砖转 住 
*3450,专爪 91 专,砖转 专砖转 住 专,砖转 专砖转 住 
*3450,住 8 ,砖转 专砖转 住 专,砖转 专砖转 住 
*3450,专  72 专砖 爪,砖转 专砖转 住 专,砖转 专砖转 住 
*3450,"拽专转 砖 2 祝  (爪专转 注转), 拽专转 砖",砖转 专砖转 住 专,砖转 专砖转 住 
*3450,砖专转  爪 18 转,砖转 专砖转 住 专,砖转 专砖转 住 
*3450,专  100 专,砖转 专砖转 住 专,砖转 专砖转 住 
*3450,砖专转 爪 6 砖专转 爪,砖转 专砖转 住 专,砖转 专砖转 住 
*3450,转拽 4 专 砖注,砖转 专砖转 住 专,砖转 专砖转 住 
*2714,"专爪  179, 专转",驻注,拽 
*2714,"砖' 爪拽 专  20, 注驻",驻注,拽 
*2714,"  18, 驻",驻注,拽 
*2714,"专 注爪转  11, 转",驻注,拽 
*2714," '专'  16, 专砖",驻注,拽 
*2714,"专专 住  85, 专",驻注,拽 
*2714,"砖'   4, 专爪",驻注,拽 
*2714,"注爪转  40, 专 砖注",驻注,拽 
*2714," 爪  1, 驻转 转拽",驻注,拽 
*2714,"专砖  78, 专砖 爪",驻注,拽 
*2714,"专 爪拽 专  1, 驻转 转拽",驻注,拽 
*2714,"砖 爪  9, 砖",驻注,拽 
*2714,"专  33, 转  -驻",驻注,拽 
*2407,"砖' 专  10, 专转 ",驻注,拽 
*2407,"专 -  8, 专砖",驻注,拽 
*2407,"  56,  ",驻注,拽 
*2407,"专 住专  0, 拽住专",驻注,拽 
*2407,"专爪  42, 拽专转 注拽专",驻注,拽 
*2407,"砖'   5, 专转 转",驻注,拽 
*2407,"专 专砖  0, 住",驻注,拽 
*2407,"住  62,  ",驻注,拽 
*2407,"砖转  12, 驻",驻注,拽 
*2407,"专 专抓  2, 专砖",驻注,拽 
*2407,"转  40, 驻",驻注,拽 
,专 专转 45  砖专,专 砖专,住驻 专 
,"专 住   37, 转 ",驻注,住驻 
,  20 砖,专 砖专,住驻 专 
,"驻专 住, 爪 300",砖驻专住,专 
,专 注拽 75  专拽,专 砖专,住驻 专 
," 专  71, 转  -驻",,住驻 
,"砖专, 专 专  147",砖驻专住,专 
, 49  转注驻  专,专 砖专,住驻 专 
,"专注  19, 转  -驻",,住驻 
,砖抓 3 专砖 爪,专 砖专,住驻 专 
,  39 驻转 转拽,专 砖专,住驻 专 
,"砖专转 专 爪  106, 转  -驻",,住驻 
,"驻拽住  48, 转  -驻",,住驻 
,专爪 94 专砖 爪,专 砖专,住驻 专 
,"驻, 砖  55",砖驻专住 ,专 
,"注专, 拽 29",砖驻专住,专 
,"注 , 专 拽 5",砖驻专住,专 
, 专 爪,专 砖专,住驻 专 
,"专爪拽  43, 转  -驻",,住驻 
,"专砖, 砖"" 79",砖驻专住,专 
,拽爪专 1 专转 ,专 砖专,住驻 专 
,"拽转 住拽  7, 转  -驻",,住驻 
,专砖 驻专抓 7 专转 ,专 砖专,住驻 专 
,160 '',专 砖专,住驻 专 
,"专  21, 转  -驻",,住驻 
,"拽  52, 转 ",,住驻 
,", 专  3",砖驻专住,专 
,注专 11  专拽,专 砖专,住驻 专 
,住注  130 专 ,专 砖专,住驻 专 
,砖驻 2 专,专 砖专,住驻 专 
,"砖' 转专  1, 转",住拽,住驻 
,砖 住 17 专 注拽,专 砖专,住驻 专 
,砖   1 ,专 砖专,住驻 专 
,"专爪  1, 砖",住拽,住驻 
,拽 30 砖,专 砖专,住驻 专 
,砖  6 拽专转 ,专 砖专,住驻 专 
," 砖 砖驻专  1, 砖",住拽,住驻 
,"砖专转  专  15, 砖",住拽,住驻 
,"砖专转 专砖  119, 砖",住拽,住驻 
,"专 住  8, 专 砖注",住拽,住驻 
, 转专 6 转,专 砖专,住驻 专 
, 2 专注,专 砖专,住驻 专 
,"转, 专 砖专 5",砖驻专住,专 
,", 专抓 砖注 58",砖驻专住,专 
,住拽 68 专爪,专 砖专,住驻 专 
,爪专转 2 专爪,专 砖专,住驻 专 
,转 7 驻专 住,专 砖专,住驻 专 
,24 ,专 砖专,住驻 专 
,专砖 28 驻专住,专 砖专,住驻 专 
, 1 转,专 砖专,住驻 专 
,"砖   80, 专 砖注",住拽,住驻 
,专 住专  专,专 砖专,住驻 专 
,转拽 53 转,专 砖专,住驻 专 
,专砖 13 驻转 转拽,专 砖专,住驻 专 
,"   3, 转 砖砖",住拽,住驻 
,专  9 驻转 转拽,专 砖专,住驻 专 
,"专  专  13,  专拽",住拽,住驻 
,  爪拽 11 驻转 转拽,专 砖专,住驻 专 
,"专 注拽  60,  专拽",住拽,住驻 
,"驻专  51, 转 ",住拽,住驻 
,专 专砖 88 专转 砖专,专 砖专,住驻 专 
, 专爪 11 转,专 砖专,住驻 专 
,  1  ,专 砖专,住驻 专 
, 转 爪拽-砖注专 驻专,专 砖专,住驻 专 
,"注 砖专  7, 转 ",住拽,住驻 
,专 专砖 驻专 转拽,专 砖专,住驻 专 
,"  33, 转 ",住拽,住驻 
,拽 1 驻专 ,专 砖专,住驻 专 
,"爪  19, 注转",住拽,住驻 
,"  16, 专",住拽,住驻 
, 驻专 拽住,专 砖专,住驻 专 
,  专拽,专 砖专,住驻 专 
,砖 20 驻转 转拽,专 砖专,住驻 专 
,"砖'    1, ",住拽,住驻 
, 注转,专 砖专,住驻 专 
, 专砖 拽住,专 砖专,住驻 专 
,"  14,  砖专",住拽,住驻 
, 专转 砖,专 砖专,住驻 专 
,"住拽  22, 专爪",住拽,住驻 
,"拽砖 砖  63, 专爪",住拽,住驻 
,"  2, 专 注拽",住拽,住驻 
, 砖驻,专 砖专,住驻 专 
,拽 50 转 ,专 砖专,住驻 专 
, 22 驻,专 砖专,住驻 专 
,砖  专 27 驻,专 砖专,住驻 专 
,砖专 2 ,专 砖专,住驻 专 
, 注,专 砖专,住驻 专 
, 2 祝 ,专 砖专,住驻 专 
,"住拽  68, ",住拽,住驻 
,"驻住   13, ",住拽,住驻 
,专 15 驻,专 砖专,住驻 专 
, 砖 -  -,专 砖专,住驻 专 
,拽住 砖注,专 砖专,住驻 专 
,"砖转  4, ",住拽,住驻 
,专 专砖 ,专 砖专,住驻 专 
,"砖专转 砖  124, 驻",住拽,住驻 
,1034 '-专,专 砖专,住驻 专 
,"  18, 驻",住拽,住驻 
,"砖  139, 驻",住拽,住驻 
,注  5 专,专 砖专,住驻 专 
,转 6 拽爪专,专 砖专,住驻 专 
,专 专抓 59 专砖,专 砖专,住驻 专 
,专专 住 54 专,专 砖专,住驻 专 
,"驻   9, 驻",住拽,住驻 
, 驻专 ,专 砖专,住驻 专 
,"  52, 专",住拽,住驻 
,砖   80 注驻,专 砖专,住驻 专 
,"专  1, ",住拽,住驻 
,"拽  11, 专砖",住拽,住驻 
,专 注专 1  -驻,专 砖专,住驻 专 
,砖 爪驻转   -',专 砖专,住驻 专 
,住祝 46 专,专 砖专,住驻 专 
,"专  74, 专砖",住拽,住驻 
,砖专 2 专 注拽,专 砖专,住驻 专 
,砖  住专 转 -专,专 砖专,住驻 专 
,"拽专 住  5, 专砖",住拽,住驻 
, 17 专 注拽,专 砖专,住驻 专 
,"住 住  19, 专砖",住拽,住驻 
,"转 专  29, 专砖",住拽,住驻 
,"驻专  9, 专砖",住拽,住驻 
, 驻专 ,专 砖专,住驻 专 
,专 专砖 专,专 砖专,住驻 专 
,专 专砖 ,专 砖专,住驻 专 
,  专砖 驻,专 砖专,住驻 专 
,转驻拽  3047 爪专转,专 砖专,住驻 专 
,专 专砖 注专,专 砖专,住驻 专 
,专 专砖 专注,专 砖专,住驻 专 
,专转 注专注专,专 砖专,住驻 专 
,注爪 16 祝 ,专 砖专,住驻 专 
,专  1 驻专住 -专专,专 砖专,住驻 专 
,专 砖 70 砖专,专 砖专,住驻 专 
,砖 7 拽住专,专 砖专,住驻 专 
,专 拽拽 14 注转-转专砖,专 砖专,住驻 专 
,"驻  103, 专砖",住拽,住驻 
,转 5  注拽,专 砖专,住驻 专 
, 住 24 '  专,专 砖专,住驻 专 
,转 砖砖转  5 专转 专,专 砖专,住驻 专 
,1693000 驻专 ,专 砖专,住驻 专 
,"  17, 专砖",住拽,住驻 
,"砖' 爪拽 专  10, 专砖",住拽,住驻 
,住 1 拽专转 转,专 砖专,住驻 专 
,砖 专砖 15 拽专转 拽,专 砖专,住驻 专 
,""" 转 13 拽专转 ",专 砖专,住驻 专 
,专  56 拽专转 ,专 砖专,住驻 专 
,砖  住 9 专 -住,专 砖专,住驻 专 
,专 专砖 注,专 砖专,住驻 专 
,专砖 专 1 转 砖,专 砖专,住驻 专 
, 驻拽,专 砖专,住驻 专 
,专 转 1 祝 ,专 砖专,住驻 专 
,"驻"" 100 爪驻转",专 砖专,住驻 专 
,专 专砖 专 -住专,专 砖专,住驻 专 
,"专' 驻  121, 专砖",住拽,住驻 
,专拽驻转 2 拽专转 注,专 砖专,住驻 专 
,专抓 1 专,专 砖专,住驻 专 
,专 专 3 拽专转 ,专 砖专,住驻 专 
, 祝,专 砖专,住驻 专 
,注爪转 11 注,专 砖专,住驻 专 
,  住,专 砖专,住驻 专 
,拽专 1 驻专 ,专 砖专,住驻 专 
,"专 拽  5, 专砖",住拽,住驻 
,砖 专砖 拽住专,专 砖专,住驻 专 
,砖 砖 砖 92 拽专转 爪拽,专 砖专,住驻 专 
,拽驻住 3 专转 砖,专 砖专,住驻 专 
,"爪转 转   1, 驻专 ",住拽,住驻 
,"  专  1, 驻专 ",住拽,住驻 
,砖'  专祝 32 砖驻专注,专 砖专,住驻 专 
,专 专 1 专,专 砖专,住驻 专 
,专  11 专,专 砖专,住驻 专 
,"爪  75, 驻专 住",住拽,住驻 
,""" 2 驻专 转专",专 砖专,住驻 专 
,砖 砖 37 驻,专 砖专,住驻 专 
,专 专砖 注,专 砖专,住驻 专 
,"注   5, 专",住拽,住驻 
,"   2, ",住拽,住驻 
,"专  1, 砖专转 爪",住拽,住驻 
,专  18 注驻,专 砖专,住驻 专 
,专 专砖 住 注,专 砖专,住驻 专 
,"专 注爪转  1,  注拽",住拽,住驻 
,专 专砖 专,专 砖专,住驻 专 
,"专专 住  68, 专",住拽,住驻 
,驻专 16 专砖驻,专 砖专,住驻 专 
," 注专  2, 注--专注转",住拽,住驻 
,"砖专转 注转  29, 专",住拽,住驻 
,"专  专 砖专41  41, 祝 ",住拽,住驻 
,"爪  31, 住 爪",住拽,住驻 
,驻住专 4 专注,专 砖专,住驻 专 
, ,专 砖专,住驻 专 
, ,专 砖专,住驻 专 
, 驻专 住祝,专 砖专,住驻 专 
,"  45, 爪专转",住拽,住驻 
, 8 专,专 砖专,住驻 专 
,转专 1 ,专 砖专,住驻 专 
,"住住拽  6, 转",住拽,住驻 
," 住  26, 转",住拽,住驻 
,注专转 注专转,专 砖专,住驻 专 
, 注 注专,专 砖专,住驻 专 
,专' 6077 4 爪专转,专 砖专,住驻 专 
,"专 砖专  13, 转",住拽,住驻 
, 81 住',专 砖专,住驻 专 
, 4 专砖 注,专 砖专,住驻 专 
, 注转 砖砖,专 砖专,住驻 专 
," 注  67, 注",住拽,住驻 
,"专    72, 注驻",住拽,住驻 
,"注  1, 驻专住 -专专",住拽,住驻 
,专 11 祝 ,专 砖专,住驻 专 
, 砖,专 砖专,住驻 专 
,"专 爪"" 110 拽专转 砖",专 砖专,住驻 专 
,"住专  22, 驻转 转拽",住拽,住驻 
,"注爪转  65, 驻转 转拽",住拽,住驻 
,住 51 驻转 转拽,专 砖专,住驻 专 
," 驻砖  11, 驻转 转拽",住拽,住驻 
,"注 '  4, 爪驻转",住拽,住驻 
,"砖   38, 拽专转 ",住拽,住驻 
,"注爪转  61, 拽专转 转",住拽,住驻 
,'住拽 39 驻转 转拽,专 砖专,住驻 专 
,"专 驻  30, 拽专转 转",住拽,住驻 
,"专 注  194, 拽专转 拽",住拽,住驻 
,"驻  3, 拽专转 转",住拽,住驻 
,"拽专  1, 拽专转 爪拽",住拽,住驻 
,住住拽 8 转,专 砖专,住驻 专 
,"专砖""  1, 拽专转 ",住拽,住驻 
,"砖专住拽  4, 拽专转 砖",住拽,住驻 
,"注转   2, 专砖 注",住拽,住驻 
,"专爪  87, 专砖 爪",住拽,住驻 
,"住专  18, 专砖 爪",住拽,住驻 
,"拽 住祝 住专  1, 专砖 爪",住拽,住驻 
,"专砖转 砖专  15, 专砖 爪",住拽,住驻 
,"专爪  190, 专转",住拽,住驻 
,"拽专转 转, 砖  砖专 178",砖驻专住,专 
,", 拽专 住 1",砖驻专住,专 
,"砖专转 专爪  55, 专",住拽,住驻 
,"'住拽  3, 专转 ",住拽,住驻 
,"  7, 专转 ",住拽,住驻 
,"  29, 专转 ",住拽,住驻 
,"砖'    125, 专 砖注",住拽,住驻 
,"  住专  12, 专转 ",住拽,住驻 
,""" 砖  1, 专转 ",住拽,住驻 
,"住拽  46, 专转 砖专",住拽,住驻 
,"  128, 专注",住拽,住驻 
,"   38, 转  -驻",住拽,住驻 
,"砖' 专砖  15, 转  -驻",住拽,住驻 
," 专拽, 注专 21",砖驻专住,专 
,"拽 祝 ?,  ",,驻转  
,"砖转 住专 住驻?, 住驻",,驻转  
,"爪  20, 注转",驻注,住驻 
,"专转,   驻住 1",砖驻专住,专 
,"注爪转  7,  ",驻注,住驻 
,"注  (拽 砖) 砖 注拽祝  672  0, 转 -专",驻注,住驻 
,"   5, ",驻注,住驻 
,"   96, 转  -驻",住拽,住驻 
," 专  66, 转  -驻",住拽,住驻 
,"砖专转 专砖  76, 转  -驻",住拽,住驻 
," 砖  34, 转  -驻",住拽,住驻 
,"祝  55, 转  -驻",住拽,住驻 
,"专 砖   64, 转  -驻",住拽,住驻 
, 专转 驻注 1 专转 ,专 砖专,住驻 专 
,专   7 专转 ,专 砖专,住驻 专 
,"' 专  66, 转  -驻",住拽,住驻 
,"专, 砖 注转 37",砖驻专住,专 
,"专转  '  25, 转  -驻",住拽,住驻 
,住  2 专,专 砖专,住驻 专 
," 专拽, 专抓 专 10",砖驻专住,专 
,"专专 住  85, 专",驻注,住驻 
,"专  24, 转  -驻",住拽,住驻 
,"   27, 转  -驻",住拽,住驻 
,住转专转 36 ,专 砖专,住驻 专 
,"拽驻  2, 转  -驻",住拽,住驻 
,"专, 拽 2",砖驻专住,专 
,"住  58,  ",驻注,住驻 
,"-住, 祝 专 4",砖驻专住,专 
,"注转, 专 54",砖驻专住,专 
,"驻拽, '住拽 25",砖驻专住,专 
,"专 专砖 - 住 专砖转  1,  -驻",驻注,住驻 
,"砖' 专爪  11, 驻拽",驻注,住驻 
,  38 注转 砖,专 砖专,住驻 专 
," 住注  123, 专 ",驻注,住驻 
, 78 驻专 住,专 砖专,住驻 专 
," 专拽, 专砖 70",砖驻专住,专 
,"砖拽  8, 专 注拽",驻注,住驻 
,"住转专转  11, ",驻注,住驻 
," 专  78, 转  -驻",,住驻 
,"砖, 砖 专爪 1",砖驻专住,专 
,"砖' 转专, 驻转 专 注专, 专 住专 砖注转   3, 转",驻注,住驻 
,"专 专砖   1692000, 住",驻注,住驻 
,"专拽   26, ",驻注,住驻 
,"专砖 注,  砖 2",砖驻专住,专 
," 砖  94, 注",驻注,住驻 
,"拽专转 注,  33",砖驻专住,专 
,"注, 专 住  79",砖驻专住,专 
,"驻专住 -专专, 专 拽 23",砖驻专住,专 
,"  6, 专",驻注,住驻 
,"爪转  13, 砖",驻注,住驻 
,"砖 爪  9, 砖",驻注,住驻 
," 专  29, 砖",驻注,住驻 
,"专砖,  17",砖驻专住,专 
,"专爪  28, 砖",驻注,住驻 
,"砖, 专转 1",砖驻专住,专 
,"驻, 转 64",砖驻专住,专 
,"专  3, 砖",驻注,住驻 
,"专 爪驻  10, 砖",驻注,住驻 
,"砖 爪  190, 拽 -专",驻注,住驻 
," 砖专, '住拽 3",砖驻专住,专 
,"砖 住  17, 专 注拽",驻注,住驻 
,"注转, 爪 20",砖驻专住,专 
,"  18, 驻",驻注,住驻 
,"砖' 砖  111, 驻",驻注,住驻 
,"砖'  '住拽  36, 专 砖注",驻注,住驻 
,"注爪转  40, 专 砖注",驻注,住驻 
,"爪拽 专专  17, 专 砖注",驻注,住驻 
,"专砖 爪, 专砖 2",砖驻专住,专 
,"专   99, 专 砖注",驻注,住驻 
,"砖, 住砖  9",砖驻专住,专 
,"专砖, '专 2",砖驻专住,专 
,"专砖 专  13, 转 砖",驻注,住驻 
," 爪  16, 转 砖砖",驻注,住驻 
,"砖转  12, 驻",驻注,住驻 
,"专 砖注, 专 1",砖驻专住,专 
,"转 砖砖, 砖  爪 2",砖驻专住,专 
,"驻""  2, 驻",驻注,住驻 
,"转  40, 驻",驻注,住驻 
,", 砖  专 1",砖驻专住,专 
,"砖'  , 拽  驻砖  3, 转 砖砖",驻注,住驻 
,"砖 砖专  2, 转专 注转",驻注,住驻 
,"专 注拽  108,  专拽",驻注,住驻 
,"拽专转 转, 砖 20",砖驻专住,专 
,"专砖, 专 专抓 1",砖驻专住,专 
,"专,  转 36",砖驻专住,专 
,"注专, 祝 7",砖驻专住,专 
,"祝 , 砖 专住拽 1",砖驻专住,专 
,"住转专转  1, 爪专 转",驻注,住驻 
,"专  5, 专",驻注,住驻 
,"砖 住专  75, ",驻注,住驻 
,"砖, 砖 7",砖驻专住,专 
,"注, 砖驻专 28",砖驻专住,专 
,"拽专转 爪拽, 砖  专 1",砖驻专住,专 
,"专转, 住专 1",砖驻专住,专 
,"注转, 住专拽 17",砖驻专住,专 
,"拽注 注转, 砖 爪拽 专 9",砖驻专住,专 
,"专砖 爪, '住拽 16",砖驻专住,专 
,"驻专住, 砖 砖 1",砖驻专住,专 
,"砖, 砖 专砖 122",砖驻专住,专 
,"转 , 专 砖专 25",砖驻专住,专 
,"转  -驻, 爪 14",砖驻专住,专 
,"专爪  39, 专转 专",驻注,住驻 
,"砖专转, 住 驻 1",砖驻专住,专 
,"专砖, 专 3",砖驻专住,专 
,"专砖, 专 专抓 2",砖驻专住,专 
,"专注, 专砖转 8",砖驻专住,专 
,"拽注 注转, 砖专转  1",砖驻专住,专 
,"住 爪, 驻砖 8",砖驻专住,专 
,"专' 专砖   驻  0, 专",驻注,住驻 
,"砖'   46, ",驻注,住驻 
,"专,  2",砖驻专住,专 
,"转  -驻, 爪"" 71",砖驻专住,专 
,"专砖, 爪 爪拽 17",砖驻专住,专 
,"砖专, 专 专  149",砖驻专住,专 
,"转 砖砖,  砖  43",砖驻专住,专 
,"注驻, 驻拽住 爪 24",砖驻专住,专 
,"拽-爪专, 专  砖专 42",砖驻专住,专 
,"转,  32",砖驻专住,专 
,"拽专转 拽, 专 注 192",砖驻专住 ,专 
,"驻专 住, 专砖 65",砖驻专住,专 
,"砖, 专  39",砖驻专住,专 
,"转  -驻, 专 15",砖驻专住,专 
,"爪专 转, 专  1",砖驻专住,专 
,"专砖 爪,  专 1",砖驻专住,专 
,"爪  9, -住",驻注,住驻 
,"专 专砖 (砖 75)  0, 驻注",驻注,住驻 
,"砖' 专  9, 拽注 注转",驻注,住驻 
,"拽专转 转,  14",砖驻专住,专 
,"注 注转,  专 46",砖驻专住,专 
,"专 砖注, 驻住  13",砖驻专住,专 
,"驻 砖专  22, 专砖",驻注,住驻 
," 砖专  32, 专砖",驻注,住驻 
,"砖, 砖  12",砖驻专住,专 
,"住驻  801, 专砖",驻注,住驻 
,"'住拽  168,  专拽",驻注,住驻 
,"专, 注  15",砖驻专住,专 
,"注转, 注砖 45",砖驻专住,专 
,"砖专转 爪, 砖 75",砖驻专住,专 
,"专转 转, 砖   2",砖驻专住,专 
,"转 砖, 专砖 专 1",砖驻专住,专 
,"专  8, 专砖",驻注,住驻 
,"驻  216, 专砖",驻注,住驻 
,""" 驻住  1, 转 ",住拽,拽 
,"专砖, 砖  砖 106",砖驻专住,专 
,"转  -驻,   79",砖驻专住,专 
,"专, 爪驻转 40",砖驻专住,专 
,"转专 注转, 专"" 6",砖驻专住,专 
,"拽专转 爪拽, 砖  专 84",砖驻专住,专 
," 注拽, 专 2",砖驻专住,专 
,"砖' 砖   106, 专砖",驻注,住驻 
,"祝 , 专 拽 10",砖驻专住,专 
,"专爪,  46",砖驻专住,专 
,"爪驻 专, 砖  专 2",砖驻专住,专 
,"专转 , 专 90",砖驻专住,专 
,"专转 专, 转  5",砖驻专住,专 
,"转 砖, 注 1",拽专驻专,专 
,"驻, 专爪 97",砖拽 专,专 
,"驻转 转拽, 专   96","砖拽 专 驻""转",专 
,"专 注拽, 砖专 1",拽专驻专,专 
,"驻, 砖 砖 134",拽专驻专,专 
,"驻,  砖 54",砖驻专住,专 
,"注  38, 专砖",驻注,住驻 
,"转   89, 专爪",住拽,拽 
,"驻, 专 爪住 67",砖驻专住,专 
,"驻, 砖 砖 124",砖驻专住 砖,专 
,"注, 砖驻专 砖  28",砖驻专住,专 
,"转 驻注  2  2, 专砖",驻注,住驻 
,"专 注拽,  2",砖驻专住,专 
,"驻专  13, 专砖",驻注,住驻 
,"驻, "" 转 18",砖驻专住,专 
,"专住, 转 49",砖 住 专住,专 
,"专,  转 36",砖驻专住 ,专 
,"砖专转, 砖   1",驻专 ,专 
,"转转, 注  8",驻专 ,专 
,"拽专转 转, 专 专 13",砖拽 注专,专 
,"专 砖注, 专 砖专专 100",住 砖拽,专 
,"砖专, 专 专  147",住 砖拽,专 
,"专 砖注, 专转 专""拽 28",住 砖拽,专 
,", 拽 驻专抓 住专 1",住 砖拽,专 
,"驻转 转拽, 专 砖专专 砖注 11",住 砖拽,专 
,"转注砖 转专, 专 转注住拽 转专 1",住 砖拽,专 
,", 专 1",住 砖拽,专 
,"驻拽, 转 专 驻专拽 14",住 砖拽,专 
,"注 , 注  1",住 砖拽,专 
,"专 砖注, 砖 专砖 10",住 砖拽,专 
,"  21, 专砖",驻注,住驻 
,"拽 注  1, 专",驻注,住驻 
,"砖  139, 驻",住拽,拽 
,"注专, 砖专 5",住 砖拽,专 
,"专 砖注, 专  18",住 砖拽,专 
,"砖专转  6, 驻专 ",驻注,住驻 
,"拽注 注转, 转专 1",住 砖拽,专 
,"祝 , 注 1",住 砖拽,专 
,"专 专砖  0, 驻专 ",驻注,住驻 
,"砖, 专  住 1",住 砖拽,专 
,"转专, 转专 1",住 砖拽,专 
,"专,   113",住 砖拽,专 
,"专 砖注, 驻 专 7",住 砖拽,专 
,"专 砖注, 爪注 注 2",住 砖拽,专 
,"砖, 专   1",砖拽 注专 砖 住,专 
,"拽注转 驻  25, 驻专 住",驻注,住驻 
,"  20, 专砖",住拽,拽 
,", 专 73",砖拽 注专 ,专 
,"砖,   19",砖拽 注专,专 
,"爪  102, 驻专 住",驻注,住驻 
,"转 住驻专 驻注  1, 专砖",住拽,拽 
,"砖, 砖 1",住驻专 砖,专 
,"专, 爪专 15",拽 住专,专 
,"专, 专 1",拽 住专,专 
,"专, 砖 专爪 91",拽 住专,专 
,"砖驻专注, 专 住专-注 注转拽 1",拽 住专,专 
,"驻注, 驻注 1",拽 住专,专 
,"转 -专, 转 -专 1",拽 住专,专 
,"专 , 专  1",拽 住专,专 
,"转  -驻, 注 23",拽 住专,专 
,"驻专住, 驻专住 1",拽 住专,专 
,"驻,  77",拽 住专,专 
,"祝 , 注 41",拽 住专,专 
,"驻专 拽专注  0, 驻专 拽专注",驻注,住驻 
,"专 住专  0, 驻专 转专",驻注,住驻 
,"  6, 专",驻注,住驻 
,"住转 注, 专 爪拽 专 1",拽 住专,专 
,"祝 , 爪专转 注转 1",拽 住专,专 
,"驻注 爪, 爪 - 驻注 注拽 专 1",拽专,专 
,"转 砖,  砖注 1",拽专,专 
," 专拽, 专  107",砖驻注 专转 砖,专 
," 专拽, 砖砖 35",砖驻注 专转 砖,专 
,"驻拽, '住拽 60",砖驻注 专转 砖,专 
,"注 注转, 专"" 17",转 住,专 
," 专拽, 驻 15",转 住,专 
,"拽专转 , 砖专转 专砖 18",转 住,专 
,"专 , 专  1",转 住,专 
,"转"", 转"" 101  0, ",驻注,住驻 
,"住住拽  6, 转",住拽,拽 
,"注 注转, 住转 住祝 34",转 住,专 
,"专砖,  注专 专 47",转 住,专 
,"注 注转, 专"" 14",转 住,专 
,"注, 专 驻住  专 24",转 住,专 
,"专  3, ",驻注,住驻 
,"专 住专 砖 ""祝 ""  0,  ",驻注,住驻 
,"注 , 转 1",专 ,专 
,"砖,  9",专 ,专 
,"专 , 专  1",专 ,专 
," 专拽, 爪注 拽砖 27",专 ,专 
,"专, 爪专 7",专 ,专 
,"专, 专 1",专 ,专 
,"专 砖注, 砖拽 1",专 ,专 
,"砖专, 专 专  111",专 ,专 
,"转专 注转,   2",专 ,专 
,"驻转 转拽, 住 37",专 ,专 
,"拽专转 砖, 专 转注砖 爪驻 1",专 ,专 
,"转转, 驻专拽 转注砖 1",专 ,专 
,"专砖 爪,  专 5",专 ,专 
,"砖 专 '专  0, 专",驻注,住驻 
,"专 注拽  7,  注拽",驻注,住驻 
,"   38, 注--专注转",驻注,住驻 
,"专 注  194, 拽专转 拽",住拽,拽 
,"拽专转 转, 专 专 3",专 ,专 
,"砖转, 驻专拽 转注砖转 住专 1",专 ,专 
,"砖专转 爪, 砖 爪 2",专 ,专 
,"转 砖砖, 专 专拽 38",专 ,专 
,"转 , 转  1",专 ,专 
,", 驻 7",专 ,专 
,"转 砖砖,   1",专 ,专 
,"专砖 注, 转 17",专 ,专 
,"转,  11",专 ,专 
,"砖 砖专专  拽 爪  3, 注转-转专砖",驻注,住驻 
,"专砖, 驻 砖专 26",专 ,专 
,"专, 砖 专爪 91",专 ,专 
,"砖'  专  1, 爪驻 专",驻注,住驻 
,"砖' 注转  37, 专",驻注,住驻 
,"住拽  1, 专砖 爪",住拽,拽 
," 专拽, 爪注 拽砖 68",专 ,专 
,"驻专住 -专专, 转专 1",专 ,专 
,"砖专转, 砖注 "" 4",专 ,专 
,"专 砖注, 注"" 38",专 ,专 
,"专, 爪专 2",专 ,专 
,"砖, 爪"" 99",专 ,专 
,"转, 专 4",专 ,专 
,"砖专, 专 专  96",专 ,专 
,"专砖, 专 专 1",专 ,专 
,"专转, 拽  1",专 ,专 
,"驻转 转拽, 住 30",砖专 注,专 
,"驻, 专  砖专 31",砖专 注,专 
,"专  7, 祝 ",驻注,住驻 
,"专爪  87, 专砖 爪",住拽,拽 
,"驻专驻住专 驻  10, 专转",住拽,拽 
,"砖, 注  4",砖专 注,专 
," 专拽, 拽砖 13",砖专 注,专 
,"拽专转 拽, 专 住 6",砖专 注,专 
,"专砖, 转 驻住 29",砖专 注,专 
,"转  -驻,   3",专 ,专 
,"  爪专转 , 砖 注拽祝 爪专转  1, 爪专转",驻注,住驻 
,"'住拽  3, 专转 ",住拽,拽 
,"转, 砖 住  40",砖专 注,专 
,"专, 住专 22",砖专 注,专 
,"驻住 砖砖  701, 爪专转",驻注,住驻 
,", 转 砖注 1",砖专 注,专 
,"转  -驻, 拽专爪拽 3",砖专 注,专 
,"专 , 专  24",砖专 注,专 
," 注拽, 爪 7",砖专 注,专 
," 专拽, 拽砖 11",砖专 注,专 
,"-住, 转注砖 29",住驻专 专拽转,专 
,"注转 砖,  专 11",住驻专 专拽转,专 
,"注转 砖, 转 96",住驻专 专拽转,专 
,"注 , 爪 住专  5, 转转",驻注,住驻 
,"  住专  12, 专转 ",住拽,拽 
,"专砖 爪, 拽专 17",住驻专 专拽转,专 
,"转  -驻, 拽抓 转 106",住驻专 专拽转,专 
,"住拽  46, 专转 砖专",住拽,拽 
,"专转 砖专, 住拽 67",住驻专 专拽转,专 
,"专, 爪专 7",拽砖转 注,专 
,"驻, 转  11",拽砖转 注,专 
,"专, 注专  27",拽砖转 注,专 
,"驻转 转拽, 专 驻 住注 20",拽砖转 注,专 
,"专,  转 9",拽砖转 注,专 
,"转,  28",拽砖转 注,专 
,"专 砖注, 拽拽 2",拽砖转 注,专 
,"专爪  32, 转",驻注,住驻 
,"   27, 转  -驻",住拽,拽 
,"注转 专专, 注转 专专 1",拽砖转 注,专 
,"注驻,  3",拽砖转 注,专 
,"专 注爪转  11, 转",驻注,住驻 
,"砖,  4",拽砖转 注,专 
,"拽注 注转, 专 62",拽砖转 注,专 
,"驻转 转拽, 专 驻 住注 19",拽砖转 注,专 
,"驻, 专砖转 10", 注,专 
,"专, 注  3", 注,专 
,"转  -驻, 专  122", 注,专 
," 砖专, 住拽 47", 注,专 
,"专砖 爪, 专  62", 注,专 
,"专 砖注, 爪拽 驻 25", 注,专 
,"转,   2", 注,专 
,"驻, 驻 砖 8",住驻专拽,专 
,"专砖 爪,  专 5",住驻专拽,专 
,"转 转  10, 转",驻注,住驻 
,"  45, 转",驻注,住驻 
,"   29, 转  -驻",住拽,拽 
,"专, 专 1",住驻专拽,专 
,"驻, 砖 专 139",住驻专拽,专 
,"转 专转, 转 专转 1",住驻专拽,专 
,"转专  1, 注专",驻注,住驻 
,"专  24, 转  -驻",住拽,拽 
,"拽注 注转, 驻 1",住驻专拽,专 
,"转  -驻, 驻专 13",拽专驻专,专 
,"驻专 , 砖专转 6",拽专驻专,专 
,"转 -专, 专 1 1",拽专驻专,专 
,"驻专住  1, 注驻",驻注,住驻 
,"专    132, 转  -驻",住拽,拽 
,"专砖, 住拽  4",拽专驻专,专 
,"专 住专 拽驻  1, 注驻",驻注,住驻 
,"  32, 注专",驻注,住驻 
,"驻专 , 砖   44",拽专驻专,专 
,"砖, 驻 38",拽专驻专,专 
,"砖, 驻 30",拽专驻专,专 
,"转  -驻, 住  10",拽专驻专,专 
,"专砖, 专 2",拽专驻专,专 
,"驻转 转拽, 砖驻驻专 砖注 73",拽专驻专,专 
,"驻专 住,  2",拽专驻专,专 
,"砖, 住转专转 40",拽专驻专,专 
,"转, 专  2",拽专驻专,专 
,"转, 驻 13",拽专驻专,专 
,"专爪, 专 2",拽专驻专,专 
,"专, 拽专 10",拽专驻专,专 
,"转  -驻, 驻拽住 48",拽专驻专,专 
,"专转, 专 专砖 15",拽专驻专,专 
,"注转, 专 1",拽专驻专,专 
,"爪专 爪拽,  拽 9",拽专驻专,专 
,"转, 专 转 43",拽专驻专,专 
,"砖' 拽, 专 砖  1, 驻专住 -专专",驻注,住驻 
," 爪  1, 驻转 转拽",驻注,住驻 
,"专驻 转  3, 驻转 转拽",驻注,住驻 
,"专爪, 专 34",拽专驻专,专 
,"拽专转 , 砖  37",拽专驻专,专 
,"拽专转 转, 注爪转 10",拽专驻专,专 
,"住 爪, 专  专 1",拽专驻专,专 
," 砖砖  39, 爪驻转",驻注,住驻 
,"注--专注转, 注拽 转 砖 29",拽专驻专,专 
,"转  -驻, 专  35",拽专驻专,专 
,"注, 专    32",拽专驻专,专 
,"驻, 专爪 97",拽专驻专,专 
,"专注, 专 住专 12",拽专驻专,专 
,"驻专住 -专专, 砖专转  砖 4",拽专驻专,专 
,"注转 驻转 专' 专  6, 拽-爪专",驻注,住驻 
,"专 住专  0, 拽住专",驻注,住驻 
,"专 注拽,  1",拽专驻专,专 
,"砖, 专 21",拽专驻专,专 
,"转  -驻,  专驻转 2",拽专驻专,专 
,"转, 专  4",拽专驻专,专 
,"砖, 转 14",拽专驻专,专 
,"专砖 注,   砖注 77",拽专驻专,专 
,"专爪, 爪住 19",拽专驻专,专 
,"专爪,  专 2",拽专驻专,专 
,"转  -驻,  专 76",拽专驻专,专 
,"转  -驻, 拽专 专 8",拽专驻专,专 
,"注转, 爪 71",拽专驻专,专 
,"专转 转,  8",拽专驻专,专 
,"专 , 驻注 13",拽专驻专,专 
,"专 专砖  0, 拽住",驻注,住驻 
,"注爪转  37, 拽专转 转",驻注,住驻 
,"专 注  192, 拽专转 拽",驻注,住驻 
,"转 , 驻 10","砖拽 专住 注""",专 
," 砖  1, 拽专转 注",驻注,住驻 
,"注驻, 专 住祝 17",住驻专 住驻专,专 
,"专砖 驻, 注   14",住驻专 住驻专 专砖 驻,专 
,"专砖 爪, 砖专转 砖 3",爪 ,专 
,"专砖 爪, "" 16",爪 ,专 
," 砖专, 专拽 2",爪 ,专 
,", 专 31",爪 ,专 
,"砖 砖专转  6, 拽专转 ",驻注,住驻 
,"砖' 砖 砖  19, 拽专转 爪拽",驻注,住驻 
,"驻转 转拽, 专砖 爪 1",爪 ,专 
,"专, 专 转注砖 1",专,专 
,"专转 砖, 转 2",拽专,专 
,"专爪, 砖注转  8",拽专,专 
,"转转, 注  5",拽专,专 
,"专 砖注, 砖  专 15",拽专,专 
,"爪专 爪拽,   10",拽专,专 
,"转  -驻, 爪 53",拽专,专 
,"专, 驻住 3",拽专,专 
,"拽专转 转, 驻 3",拽专,专 
,"专注, 专砖 34",拽专,专 
,"砖专转 爪, 专 1",拽专,专 
,"驻拽, 驻拽  1",拽专,专 
,"住拽  22, 拽专转 ",驻注,住驻 
,"专拽  1, 专砖 注",驻注,住驻 
,"专 住专 ""住专 ""  0, 专砖 驻",驻注,住驻 
,"注--专注转, 砖   21",拽专,专 
,"驻拽, '住拽 1",拽专,专 
,"砖,  专注 4",拽专,专 
,",  3",拽专,专 
,"专砖  78, 专砖 爪",驻注,住驻 
,"专砖  13, 专砖 爪",驻注,住驻 
,"砖, 转 20",拽专,专 
,", 住驻 专 23",拽专,专 
,"砖  30, 专砖 爪",驻注,住驻 
,"专 住专  0, 专",驻注,住驻 
,"专注,  158",拽专,专 
,"驻专 , 专爪 5",拽专,专 
,"专砖 爪, 驻专拽 爪 39",拽专,专 
,"砖, 爪拽  爪 48",拽专,专 
," , 砖专 3",拽专,专 
,"转, 专 2",拽专,专 
,"专, 砖专  1",拽专,专 
,"拽, 砖专 砖专 1",拽专,专 
,"专爪  111, 专转",驻注,住驻 
,"专爪  179, 专转",驻注,住驻 
," 住  7, 专",驻注,住驻 
,"   12, 专转 ",驻注,住驻 
,"住  8, -注转 注",驻注,住驻 
," 驻专拽  31, 转 ",驻注,住驻 
,"专转 专, 拽专 住 2",拽专,专 
,"注--专注转, 转砖专 34",祝,专 
,"拽专转 注拽专, 住  专拽 砖 1",祝,专 
,"专  29, 专转 ",驻注,住驻 
,"砖转 注拽 (), 砖转 注拽 () 1",祝,专 
,"住拽  90, 专转 砖专",驻注,住驻 
,"注 , 专转 38",祝,专 
,"拽注, 拽注 1",祝,专 
,"专,  驻 1",祝,专 
,"转  -驻, 专  爪 112",祝,专 
,"驻转 转拽, 住 22",祝,专 
,"专, 专专 2",祝,专 
,"专, 专砖转 10",祝,专 
,"专, 驻专驻住专  砖 10",祝,专 
,"专 , 驻 1",祝,专 
,"转专  16, 专注",驻注,住驻 
,"砖' 注拽   30, 砖",驻注,住驻 
,"' 砖转 注  0, 砖驻专注",驻注,住驻 
,"专砖 爪, 专砖转 砖专 15",祝,专 
,"转  -驻,   57",祝,专 
," ,  57",祝,专 
,"转, 爪专 2",祝,专 
,"驻专 住, 注转专 注 1",祝,专 
,"专砖,  10",祝,专 
,"专砖 爪, 砖专专 砖 13",祝,专 
,"砖, 转专 专 13",祝,专 
,"注驻, 拽转 爪 1",祝,专 
,"转  -驻, 转 爪拽 20",祝,专 
,"拽专转 砖, 砖 转  3",祝,专 
,"专爪  14, 转  -驻",驻注,住驻 
," 驻专砖  3, 转  -驻",驻注,住驻 
,"专  33, 转  -驻",驻注,住驻 
," 专  58, 转  -驻",驻注,住驻 
,"砖' 砖专 专  34, 转  -驻",驻注,住驻 
,"专   63, 转  -驻",驻注,住驻 
," 专  71, 转  -驻",驻注,住驻 
,"驻住 专  28, 转  -驻",驻注,住驻 
,"砖' 专砖  16, 转  -驻",驻注,住驻 
,"祝  64, 转  -驻",驻注,住驻 
,"专    23, 转  -驻",驻注,住驻 
,"专爪拽  43, 转  -驻",驻注,住驻 
,"   65, 转  -驻",驻注,住驻 
,"转 拽  1, 专 ",专转,住驻 
,"住  0, 住",专转,住驻 
,"专砖  0, 注",专转,住驻 
,"专  砖  8, 砖",专转,住驻 
,"专专 爪拽  59, 专 砖注",专转,住驻 
,"注-'转  0, 注-'转",专转,住驻 
,"砖注   4, 转 砖砖",专转,住驻 
,"专  30, 转 砖砖",专转,住驻 
,"专""  20, 转专 注转",专转,住驻 
,"  107,  专拽",专转,住驻 
,"砖' 注爪转  65, 转 ",专转,住驻 
,"'  0, '-专",专转,住驻 
,"专  0, 专",专转,住驻 
,"专   0, 专 ",专转,住驻 
,"专 住专 砖  3, ",专转,住驻 
,"专砖  0, 专专",专转,住驻 
,"专拽  26, ",专转,住驻 
,"专砖 专驻砖  0, 专驻砖",专转,住驻 
,"砖' 砖  134, 驻",专转,住驻 
,"  36, 驻",专转,住驻 
,"驻专 专注  0, 专注",专转,住驻 
,"专 专砖  0, 专",专转,住驻 
,"驻转  住专  0, 驻注",专转,住驻 
,"  21, 专砖",专转,住驻 
," 注  2, 专砖",专转,住驻 
,"驻  64, 专砖",专转,住驻 
,"注转 砖  5, 专砖",专转,住驻 
,"砖'  专  255, 专砖",专转,住驻 
,"专  48, 专砖",专转,住驻 
,"  0, ",专转,住驻 
,"专 住专 砖  0, 驻专 住祝",专转,住驻 
,"驻专   0, 驻专 ",专转,住驻 
,"转注""砖  13, 驻专 住",专转,住驻 
,"专' 专砖  0, 驻专 拽住",专转,住驻 
,"转  2, 驻专 转专",专转,住驻 
,"专 专砖  0, ' -专",专转,住驻 
,"注  0, 注",专转,住驻 
,"砖拽  2, 注转-转专砖",专转,住驻 
,"砖' 注转  38, 专",专转,住驻 
,"  30, 爪专转",专转,住驻 
,"专 驻  0, 爪专转",专转,住驻 
,"专 专   147, 砖专",专转,住驻 
,"砖 爪  20, 转",专转,住驻 
,"住  0, 住'",专转,住驻 
,"专 专砖  0, 注",专转,住驻 
,"专砖转  2, 注",专转,住驻 
,"注专  0, 注专",专转,住驻 
,"专爪  32, 驻转 转拽",专转,住驻 
,"砖专转 砖 砖  86, 拽专转 爪拽",专转,住驻 
,"专砖  115, 专砖 爪",专转,住驻 
,"专 住专  0, 专",专转,住驻 
,"专爪  189, 专转",专转,住驻 
,"砖' 专爪  75, 专",专转,住驻 
,"'住拽  54, 专转 ",专转,住驻 
,"专 砖祝 '专  0, 砖驻专注",专转,住驻 
,"专    74, 转  -驻",专转,住驻 
,"注爪转  2, 转  -驻",专转,住驻 
,"专    132, 转  -驻",专转,住驻 
,"专注  19, 转  -驻",专转,住驻 
,"专 住专  1,  -驻",专,住驻 
,"专爪 驻转 专' 拽砖  32, 驻拽",专,住驻 
,"专 砖专  6, 专 ",专,住驻 
,"注专  3, 专转",专,住驻 
,"砖' 转专  1, 转",专,住驻 
,"拽驻  8, 转",专,住驻 
,"专 注抓 驻专  1, 拽",专,住驻 
,"转 砖  2, 驻专转",专,住驻 
,"拽住 专  9, 砖",专,住驻 
,"专  11, 砖",专,住驻 
," 注专  6, 砖",专,住驻 
,"'住拽  47, 砖",专,住驻 
,"转  14, 砖",专,住驻 
,"爪住  5, 砖",专,住驻 
,"  专砖  8, 砖",专,住驻 
,"拽住  1, 拽 -专",专,住驻 
,"专 爪  6, 专 砖注",专,住驻 
,"注专 爪 专  12, 专 砖注",专,住驻 
,"专 转  15, 专 砖注",专,住驻 
,"注""  30, 专 砖注",专,住驻 
,"爪拽 驻  25, 专 砖注",专,住驻 
,"爪拽 专专  2, 专 砖注",专,住驻 
,"   6, 转 砖砖",专,住驻 
," 砖  1, 转 砖砖",专,住驻 
,"砖驻转 转  4, 转 砖砖",专,住驻 
,"专驻  1,  专拽",专,住驻 
," 砖  13,  专拽",专,住驻 
," 专  13,  专拽",专,住驻 
,"专抓  12,  专拽",专,住驻 
,"  108,  专拽",专,住驻 
,"专 住专 转 驻专  1, 转 驻专",专,住驻 
,"驻专  58, 转 ",专,住驻 
,"住  33, 转 ",专,住驻 
,"专住转 专   1, 注转 砖",专,住驻 
,"砖'    38, 注转 砖",专,住驻 
,"注 专祝 32, 专转 砖",,驻转  
,"转 63, 注转转",,驻转  
,"砖转  3, 专砖",注专转 专砖,驻转  
,". 驻专, 砖",转,驻转  
," 专  20, ",专,住驻 
,"专 专转  108,  砖专",专,住驻 
,"'住拽  3,  砖专",专,住驻 
,"' 砖住,  注 ",,专驻转 
,"住拽  6, 专爪",专,住驻 
,"   12, 专爪",专,住驻 
,"  13, 专 注拽",专,住驻 
,"专爪  23, 专",专,住驻 
,"  11, 专",专,住驻 
," 专  7, ",专,住驻 
,"住拽  95, ",专,住驻 
,"专拽  26, ",专,住驻 
,"住拽  48, ",专,住驻 
,"  26, 驻",专,住驻 
,"转 专, 转 专",,驻转  
,".  砖专, 注",转,驻转  
,"砖' 砖  137, 驻",专,住驻 
,"专驻专  54, 驻",专,住驻 
,"专砖转  1, 驻",专,住驻 
,"砖  19, 驻",专,住驻 
,"专   1, 爪专 转",专,住驻 
,"专 专抓  33, 专砖",专,住驻 
,"专爪 13, 专爪",转,驻转  
,"砖 10, 专",转,驻转  
," 转  1, 专转 专",专,住驻 
,"转  16, ",专,住驻 
,"砖  22, ",专,住驻 
,"专 注爪转  16, -住",专,住驻 
,"专驻 20, 拽注 注转",转,驻转  
,"转专  2, 拽注 注转",专,住驻 
,"爪拽 注  30, 专 砖注",,拽 
," 专 - 爪专  - 专 住专, 住祝 转,  专",转,驻转  
,"   9, 专砖",专,住驻 
,"爪 83, 驻专 住",转,驻转  
,".. 专 专, 专",转,驻转  
," 砖专  16, 专砖",专,住驻 
,"注转 砖  24, 专砖",专,住驻 
,"转驻专转 砖专  26, 专砖",专,住驻 
,"砖   12, 专砖",专,住驻 
,". 专 专, 住住",转,驻转  
," 专爪  19, 专砖",专,住驻 
,"驻 砖专  7, 专砖",专,住驻 
,"驻专 ,  5, 专砖",专,住驻 
,". 专 专, 注转",转,驻转  
,"转 , 拽专转 ",转,驻转  
,"砖  10, 专砖",专,住驻 
,"转 住驻专 转""专  1, 专砖",专,住驻 
,"驻  208, 专砖",专,住驻 
,"专  43, 专砖",专,住驻 
,"砖专  10, 专砖",专,住驻 
,"专住, 专住",转,驻转  
,"住驻  1, 住驻",专,住驻 
," 住专  1, 驻专 住祝",专,住驻 
,"驻专 转注砖转, 砖注专 , 注 ",转,驻转  
,"19-,  注拽",转,驻转  
,"爪  61, 驻专 住",专,住驻 
,"爪  132, 驻专 住",专,住驻 
,"  80, 驻专 住",专,住驻 
,"注     1, 驻专 拽住",专,住驻 
,"住  80, 驻专 拽住",专,住驻 
,". 专 , 转 ",转,驻转  
,"专砖转  9, 专",专,住驻 
,"专   100, 专",专,住驻 
,"转 1, 转 专-注驻专",转,驻转  
,". 注, ",转,驻转  
,"  住专  13, ",专,住驻 
,"砖' 砖 注专  77,  注拽",专,住驻 
,"砖' 拽  2, 注 注转",专,住驻 
," 注专  2, 注--专注转",专,住驻 
,"转  121, 注--专注转",专,住驻 
,"   1, 注--专注转",专,住驻 
,". 注, ",转,驻转  
,"砖 砖专专  3, 注转-转专砖",专,住驻 
,". 专 ,  注拽",转,驻转  
," 转""  1, 专 专 砖""砖",,住驻 
,"  1, 砖",,住驻 
,"注转  27, 专",专,住驻 
,"砖'  爪  1, 专",专,住驻 
,"专转 ,  0",转,专驻转 
,"专 住专 砖""驻  1, 祝 ",专,住驻 
,"转专  1,  转注驻 -专",专,住驻 
,"  5, 住 爪",专,住驻 
,"专 专   63, 砖专",专,住驻 
,"住专  1, 转转",专,住驻 
,"砖'  专  13, 砖",,住驻 
,"爪驻转,  砖砖 1",砖驻专住,专 
,"驻  5, 转",专,住驻 
,"专爪  60, 转",专,住驻 
,"专 爪  6, 专 砖注",,住驻 
,"砖驻驻专  17, 转",专,住驻 
,"Hagalil  217, 住'",专,住驻 
,"砖专转 砖""专  33, 专 砖注",,住驻 
," 注  47, 注",专,住驻 
,"专砖  4, 注驻",专,住驻 
,"   3, 转 砖砖",,住驻 
,"砖专转 爪拽 专  20, 注驻",专,住驻 
,"砖专转   34, 注专",专,住驻 
,"转注砖  60, 注专",专,住驻 
,"拽 驻专抓 住专  1, ",,住驻 
,"专   0, 注转转",专,住驻 
,"  17, 驻专住 -专专",专,住驻 
,"转  7, 驻转 转拽",专,住驻 
,"爪拽 专  1, 驻转 转拽",专,住驻 
,"砖  爪  21, 专",,住驻 
,"  62, ",,住驻 
,"注爪转  63, 驻转 转拽",专,住驻 
,"注 驻  17, 驻转 转拽",专,住驻 
,"专   20, 驻转 转拽",专,住驻 
,"爪 转专  12, ",,住驻 
,"砖  45, 驻转 转拽",专,住驻 
,"'住拽  74, 驻转 转拽",专,住驻 
," 专  9, 驻转 转拽",专,住驻 
,"   21, 驻转 转拽",专,住驻 
," 砖  199, 驻",,住驻 
,"砖' 专  44, 驻",,住驻 
,"专砖  73, 驻转 转拽",专,住驻 
,"专' 注 '  4, 爪驻转",专,住驻 
," 砖  113, 拽专转 ",专,住驻 
,"专 注  194, 拽专转 拽",专,住驻 
,"   4, 专",,住驻 
,"砖' 砖  11, 拽专转 转",专,住驻 
,"砖' 专砖  3, 拽专转 ",专,住驻 
,"砖' 砖  25, 拽专转 爪拽",专,住驻 
,"转 住驻专 转""专  1, 专砖",,住驻 
,"'住拽  22, 拽专转 ",专,住驻 
,"砖专转 转   77, 拽专转 砖",专,住驻 
,"砖  4, 拽专转 砖",专,住驻 
,"砖' 砖   166, 专砖",,住驻 
,"砖  55, 专砖 注",专,住驻 
,"注  1, 专砖 注",专,住驻 
,"专  80, 专砖",,住驻 
,"专爪  73, 专砖 爪",专,住驻 
,"砖   11, 专砖 爪",专,住驻 
,"驻 砖专  62, 专砖",,住驻 
,"专 专砖转 砖专  15, 专砖 爪",专,住驻 
,"砖' 爪拽 专  10, 专砖",,住驻 
,"专爪  35, 专转",专,住驻 
,"注  6, 专转",专,住驻 
,"专爪  163, 专转",专,住驻 
,"专 爪住  2, 驻专 住",,住驻 
," 住  16, 专",专,住驻 
,"专专  1, 专转 ",专,住驻 
,"专注   1, 拽专 砖专",专,住驻 
,"注   5, 专",,住驻 
,"'住拽  7, 专转 ",专,住驻 
,"   6, 专转 ",专,住驻 
,"   28, 注--专注转",,住驻 
,"专 拽  5, 注 ",,住驻 
,"砖专转 专砖  29, 专转 ",专,住驻 
,"住拽  67, 专转 砖专",专,住驻 
,"住砖拽  11, 专转 砖专",专,住驻 
,"  14, 专砖",,住驻 
,"爪专  10, 拽专转 转",专,住驻 
,"  96, 专注",专,住驻 
,"专爪  64, 专",,住驻 
,"  267, 专注",专,住驻 
,"  153, 专注",专,住驻 
,"注  1, 祝 ",,住驻 
,"住转 驻  8, 砖专转",专,住驻 
,"专 转转 拽  1, 砖",专,住驻 
,"专爪  60, 转",,住驻 
,"专' 注 砖  8, 驻",,住驻 
,"转  22, 驻",,住驻 
,"砖注 拽  14, 注驻",,住驻 
,"专  1, 驻转 转拽",,住驻 
,"注爪转  37, 拽专转 转",,住驻 
,"拽抓 砖专  1, 砖专",专,住驻 
,"爪专  2, 驻转 转拽",专,住驻 
,"注专  1, 砖注专 砖专",专,住驻 
,"住 砖 专砖  1, 砖驻专注",专,住驻 
,"住专  35, 转  -驻",专,住驻 
,"爪  32, 转  -驻",专,住驻 
," 专  71, 转  -驻",专,住驻 
,"住  4, 转  -驻",专,住驻 
,"祝  45, 转  -驻",专,住驻 
,"砖 砖  18, 拽专转 拽",,住驻 
,"专 砖  1, 专",,住驻 
,"专 驻""  3, 拽专转 转",,住驻 
,"  105, 转  -驻",专,住驻 
,"   25, 转  -驻",专,住驻 
,"专  38, 转  -驻",专,住驻 
,"专 转注砖  1, 注专注专-",专,住驻 
,"驻专  72, 转 ",,住驻 
,"砖  123, 转  -驻",专,住驻 
,"砖拽 驻专  3, 专砖 注",,住驻 
,"专  26, 转  -驻",专,住驻 
,"   146, 转  -驻",专,住驻 
,"砖专   3, 专砖 爪",,住驻 
,"   94, 转  -驻",专,住驻 
,"砖  40, 转  -驻",专,住驻 
,"专爪  52, 专砖 爪",,住驻 
,"爪  2, 转",专,住驻 
,"  驻专  2, 专转",,住驻 
,"专 住  83, 转  -驻",专,住驻 
,"专  20, 转  -驻",专,住驻 
,"注注  13, 转  -驻",专,住驻 
,""" 住祝 专驻  1, 专 注拽",,住驻 
,"专 拽专  8, 转  -驻",专,住驻 
,""" 砖  9, 专转 ",,住驻 
,"砖专转 转专  11, 转",,住驻 
,"住住 注  0, 转",,住驻 
,"  22, 爪专转",专,住驻 
,"专  专  10, 专转 ",,住驻 
," 砖  10, 注",,住驻 
,"专 专-  2, 专",,住驻 
,"爪转 转  1, 专转 砖专",,住驻 
,"   125, 转  -驻",,住驻 
,"砖'    7, 砖",,住驻 
,"专砖""  11, 砖",,住驻 
," 专  8, 砖",,住驻 
,"注专  7, 转",,住驻 
,"专住  31, 注 ",专,住驻 
,"专  25, 砖",,住驻 
,"砖专转 砖专  35, 转  -驻",,住驻 
,"砖 专砖  119, 砖",,住驻 
," 爪  9, 专 砖注",,住驻 
,"专 专 .  砖专, 专",转,驻转  
,"专注  19, 转  -驻",,住驻 
,"爪拽 注  30, 专 砖注",,住驻 
," '住拽  7, 专 砖注",,住驻 
,"爪  14, 转  -驻",,住驻 
,"转 住 SEVEN, 住 注专  0,  -驻",,住驻 
,"转 专 驻专拽  14, 驻拽",,住驻 
," 驻专砖  1, 转 砖砖",,住驻 
,"专""  6, 转专 注转",,住驻 
,"专抓  10,  专拽",,住驻 
,"专 注拽  86,  专拽",,住驻 
," 住注 拽 拽专  120, 专 ",,住驻 
,"注拽   4,  专拽",,住驻 
,"专 砖 41, 专",转,驻转  
,"转注""砖  13, 驻专 住",专,住驻 
,"住驻  62, 转 ",,住驻 
,"砖拽  3, 注转",,住驻 
," 专  105, 专",,住驻 
,"砖' 转专  0, 转",,住驻 
,"专 专砖  0, 注",,住驻 
,"住住 爪,  转-祝  0, 专",,住驻 
,"转.. 9001  9001, ",,住驻 
,"专转  94,  砖专",,住驻 
,"砖  砖专 178, 拽专转 转",转,驻转  
,""" 1  1, 专  爪驻 "" 48",,住驻 
,"专砖""  15, 砖",,住驻 
," , ..   0, 专  爪驻 "" 48",,住驻 
,"砖转  35, 专爪",,住驻 
,"专驻住  88, 专砖",专,住驻 
,"砖专转 爪转  13, 砖",,住驻 
,"爪专转  2, 专爪",,住驻 
," 驻  22, 专",,住驻 
,"砖 爪  3, 砖",,住驻 
," 专  255, 专砖",专,住驻 
,"爪  3, 砖",,住驻 
,"砖专  1, ",,住驻 
,"专转  2, ",,住驻 
,"爪 转注砖  20, 驻",,住驻 
,"砖 拽转 爪驻 驻, 爪驻 驻",转,驻转  
,"拽  1, 驻",,住驻 
,"爪""  99, 砖",,住驻 
,"拽专转   1, 驻",,住驻 
,"专爪  63, 驻",,住驻 
,"砖专 砖专  15, 专砖",专,住驻 
,"爪  8, 砖",,住驻 
,"专  25, 驻",,住驻 
,"  1, 驻",,住驻 
,"砖  3, 砖",,住驻 
,"转 WE CENTER  0, 拽 -专",,住驻 
,"住拽  1, 驻",,住驻 
,"0  0, 驻",,住驻 
,"专砖转  0, 驻",,住驻 
,"专 砖   3, -住",专,住驻 
,"住住 爪,  专  0, 爪专-砖",,住驻 
,"转专转 住转  11, 专 砖注",,住驻 
,"  2, 专",专,住驻 
,"住住 爪 爪专  0, 爪专",,住驻 
,"专 专 (专住拽)  1, 专",,住驻 
,"注拽 20,  转拽",转,驻转  
,"住转专转  55, 专 砖注",,住驻 
," 转  1, 专转 专",,住驻 
,"砖'   18, ",,住驻 
,"爪拽 专专  11, 专 砖注",,住驻 
,"驻""  11, 驻",专,住驻 
," 转  10, 专 砖注",,住驻 
,"砖专转 注  34, 专 砖注",,住驻 
,"专 爪  6, 专 砖注",,住驻 
,"专 注爪转  40, -住",,住驻 
,"砖' 专  9, 拽注 注转",,住驻 
," 砖专  0, 专",,住驻 
,"  10, 专砖",,住驻 
,"住驻  17, 专砖",,住驻 
,"爪""  35, 专",专,住驻 
,"砖专  16, 专砖",,住驻 
,"驻 砖专  2, 专砖",,住驻 
,"砖转  2, 专爪",专,住驻 
,"注住  12, 专砖",,住驻 
,"住 驻专  0, 转 '",,住驻 
,"住拽  46,  砖专",专,住驻 
,"砖   81, 转 砖",,住驻 
," 专爪  10, 专砖",,住驻 
,"拽专 住  32, 专砖",,住驻 
,"专 住专 砖  1, 驻专 专",,住驻 
,"专砖  56, 驻专 住",,住驻 
,"专  驻专砖  1, 转 砖砖",,住驻 
,"专驻驻专  1, 驻专 住",,住驻 
,"专砖转  15, 专",,住驻 
,"   6, 转 砖砖",,住驻 
,"砖' 拽  2, 注 注转",,住驻 
,"注专注专  14, 注--专注转",,住驻 
,"专""  14, 转专 注转",,住驻 
,"爪  65, 注转",专,住驻 
," 住专  2, 转 ",专,住驻 
," 砖  54,  专拽",,住驻 
,"专 住专 专注转  0, 注--专注转",,住驻 
,"专砖  24,  专拽",专,住驻 
,"砖 砖专专  3, 注转-转专砖",,住驻 
,"砖' 注转  41, 专",,住驻 
,"砖' 专砖  136, 转转",,住驻 
,"专 注拽  51,  专拽",,住驻 
,"专爪  5, 转",,住驻 
," 住  1, 转",,住驻 
,"砖   85, 转 砖",专,住驻 
,"专 驻专  0, 注",,住驻 
,"祝  33, 住",,住驻 
," 9  23, 注驻",,住驻 
,"砖专转 注爪转  67, 转 ",,住驻 
,"爪专转, 驻住 砖砖 4089",,专驻转 
,"驻专  80, 转 ",,住驻 
," 注, 注专  0, 注专",,住驻 
," , ""  砖专拽  0, 驻",,住驻 
,"专   17, 驻专住 -专专",,住驻 
,"拽拽""  130, 专 砖注",专,住驻 
,"专砖 爪  1, 驻转 转拽",,住驻 
,"住 驻专  0, '住",,住驻 
,"砖注 砖专专 11  11, 驻转 转拽",,住驻 
,"注爪转  65, 驻转 转拽",,住驻 
,"专 专砖 5333  60, ''",,住驻 
,"专砖  34, 爪驻转",,住驻 
,"砖   37, 拽专转 ",,住驻 
,"专 驻专  0, '砖 (砖 )",,住驻 
,"砖' 专砖  12, 砖",专,住驻 
,"爪住  67, 注转",,住驻 
,"  30, 专",,住驻 
,"专 注  192, 拽专转 拽",,住驻 
,"转  54, 拽专转 转",,住驻 
," 专  71, 拽专转 爪拽",,住驻 
,"砖' 转   83, 拽专转 砖",,住驻 
,"专爪  4,  ",,住驻 
,"   18, 专砖 注",,住驻 
,"砖  1, 注",专,住驻 
,"砖' 爪  1, 专 注拽",专,住驻 
,"住  0, 专砖 驻",,住驻 
,"专砖  14, 专砖 爪",,住驻 
," 专  5, 专砖 爪",,住驻 
,"  66, 转 -专",,住驻 
,"砖' 专砖  16, 转  -驻",专转,住驻 
,"砖 专砖, 住 驻专  0, 专",,住驻 
," 砖  5, 专砖 爪",,住驻 
,"专爪  182, 专转",,住驻 
,"注专  4, 专转",,住驻 
,"专  0, 专",专转,住驻 
,"专 专砖  1, 专",专转,住驻 
,"爪驻转  40, 专",,住驻 
,"专 住专  0, ",,住驻 
,"专爪  63, 专",,住驻 
,"转  23, 专转 ",,住驻 
,"专 专转  96,  砖专",,住驻 
,"拽  10, 专转 ",,住驻 
,"拽"" 转 砖专  0, 专转 ",,住驻 
,"砖转  14, 专爪",,住驻 
,"注   200, 转转",专转,住驻 
," 专  2, 专爪",,住驻 
,"转 砖专  0, 专转 ",,住驻 
," 转  0, 专转 ",,住驻 
,"转转, 专 爪 1",驻专 ,专 
,"驻住 砖砖  83, 爪专转",专转,住驻 
,"转 转  0, 专转 砖专",,住驻 
,"专转, 拽  10",祝,专 
,"住驻  33, 专转 砖专",,住驻 
,"驻  15, 专爪",,住驻 
,"砖' 住  2, 转专",专转,住驻 
,"  124, 专注",,住驻 
,"转转, 专 转注砖 2",祝,专 
,"砖' 专砖  42, 转  -驻",,住驻 
,"  11, 专 注拽",,住驻 
,"爪拽 砖  7, 转  -驻",,住驻 
,"专住  2, 转  -驻",,住驻 
,"转专""  20, 专",,住驻 
,"  17, 专",,住驻 
,"专 住专 专  0, 专",专转,住驻 
,"驻 砖专  24, 专砖",专转,住驻 
,"爪  32, 转  -驻",,住驻 
,"专,   113",祝,专 
,"驻住 专  72, 转  -驻",,住驻 
,"砖  7, 转  -驻",,住驻 
,"砖 砖专  35, 专砖",专转,住驻 
,"转转, 注  2",祝,专 
,"砖  84, 转  -驻",,住驻 
,"砖专  1, ",,住驻 
,"转 爪专  15, 转  -驻",,住驻 
,"转 砖, 砖   1",祝,专 
,"专  3, 转  -驻",,住驻 
,"专专 住  55, 专",专转,住驻 
,"住拽  45, ",,住驻 
,"专爪拽  10, 转  -驻",,住驻 
,"爪""  71, 转  -驻",,住驻 
,"驻住   13, ",,住驻 
,"专 驻专  0, 专驻砖",,住驻 
,"砖' 砖  107, 驻",,住驻 
,"专  住  0, 专 -住",专转,住驻 
,"专 注拽  140,  专拽",专转,住驻 
,"驻  4, 驻",,住驻 
,"砖专转 驻   7, 驻",,住驻 
,"专  14, 驻",,住驻 
,"拽驻, 拽专  27, 转  -驻",,住驻 
,"转 SEVEN  1,  -驻",住,住驻 
,"转 , 专 住 爪拽 34",祝,专 
,"住 爪, 专住 32",祝,专 
,"专注, 住砖 专 23",祝,专 
,"砖 爪  3, 砖",专转,住驻 
,"  7, 砖",住,住驻 
,"注--专注转, 砖 转 24",祝,专 
,"专 住专   驻  0,  -驻",专转,住驻 
,"专爪  91, 专 砖注",住,住驻 
,"砖  21, 专",住,住驻 
,"住拽  41, ",住,住驻 
,"专砖 注, 注 2",拽专,专 
,"注驻, 砖   79",拽专,专 
,"专   111, 驻",住,住驻 
,"驻拽住  32, 转  -驻",驻注,住驻 
,"拽专转 注, 专 1",拽专,专 
,"砖  16, 专砖",住,住驻 
,"专爪  63, 驻",,住驻 
,"转注""砖  14, 驻专 住",住,住驻 
,"祝  205, 转  -驻",驻注,住驻 
,"注 , 爪转 专  5, 专",住,住驻 
,"砖专转, 住 驻 1",拽专,专 
,"拽专转 爪拽, 砖专转 专砖 1",拽专,专 
,"注拽祝 爪专转  83, 爪专转",住,住驻 
,"专砖  50, 转  -驻",驻注,住驻 
,"专砖, 转 住驻专 转""专 1",拽专,专 
,"专  14, 转",住,住驻 
,"专转 砖专, 专砖转 18",祝,专 
,"注  36, 驻",,住驻 
,"砖 注-专, .转. 专 (注 专)  0, 注",住,住驻 
,"专转 , 专   101",拽专,专 
,"砖驻  3, 驻转 转拽",住,住驻 
,"转专  9, 专砖 爪",住,住驻 
,"驻, 拽 专驻 专 24",拽专,专 
,"砖,  住拽 27",祝,专 
,"拽  10, 专转 ",住,住驻 
,"砖专转 砖  123, 驻",,住驻 
,"专 专抓  46, 专砖",,住驻 
,"专 专砖 砖转 注  0, 砖驻专注",住,住驻 
,"专 砖  8, 砖专转",驻注,住驻 
,"砖' 专砖  38, 转  -驻",住,住驻 
,"专砖 注, 砖 26",拽专,专 
,"专砖 爪, 驻专住 砖注 33",拽专,专 
,"专 砖  84,  砖",专砖,住驻 
,"专 , 驻注 2",祝,专 
,"专砖, 住驻专 1",拽专,专 
,"砖  21,  砖",专砖,住驻 
,"专  住'  12, 专",,住驻 
,"住   驻  1,  -驻",专砖,住驻 
,"砖, 砖 注拽  161",拽专,专 
,"拽 SEVEN  0,  -驻",专砖,住驻 
,"专 驻专  0, 专注",,住驻 
,"专' 砖拽  2, 专",专砖,住驻 
,"  112, 专注",驻注,住驻 
,"拽  32, 专转 ",驻注,住驻 
," 砖  94, 注",专砖,住驻 
,"砖 住专 专' 专砖  0, ",,住驻 
,"专拽 注   0, 专",,住驻 
,"砖专  1, 注",专砖,住驻 
,"砖, 砖  专 17",拽专,专 
,"驻专 住,  80",拽专,专 
,"爪转  78, 专",专砖,住驻 
,"驻""  20, 砖",专砖,住驻 
,"专, 专 1",专,专 
,"专   12, 砖",专砖,住驻 
,"专爪  30, 专转 专",,住驻 
,"专转  4, 砖",专砖,住驻 
,"专砖 爪,  砖 8",爪 ,专 
,"爪""  1, 砖",专砖,住驻 
,"住 注专 专  0, 专",,住驻 
,"   19, 砖",专砖,住驻 
,"   37, 砖",专砖,住驻 
,"专转 , 专爪 52",拽专,专 
,"拽砖  7, ",,住驻 
,"专 注爪转  54, -住",,住驻 
,"注, 砖  1",拽专,专 
,"转专  2, 拽注 注转",,住驻 
,"   38, 砖",专砖,住驻 
,"注拽   34, 砖",专砖,住驻 
,"注驻, 拽 砖注 1","砖拽 专住 注""",专 
,"砖, 驻专- 专 专 68",拽专驻专,专 
,"砖'  专 驻转 拽抓 转  2, 砖",专砖,住驻 
,"拽专转 转,  14",拽专,专 
,"专转 , 注 113",拽专驻专,专 
,"专 住专 拽  专  0, 拽 -专",专砖,住驻 
,"驻  208, 专砖",,住驻 
,"专   1, 专 注拽",专砖,住驻 
,"专 砖注,  '住拽 30",拽专驻专,专 
,"住  90, 专 砖注",专砖,住驻 
,"注  32, 专 砖注",专砖,住驻 
,"转 砖砖,   1",拽专驻专,专 
,"爪转 爪转, 注转 住专  0, 拽专转 砖",驻注,住驻 
,"专转, 注专 3",拽专,专 
,"注拽   3, 专 砖注",专砖,住驻 
,"专 专  101, 专砖",,住驻 
,"注  20, 专砖",,住驻 
," 砖专  1, 专 砖注",专砖,住驻 
,"转  -驻, 专住  13",拽专驻专,专 
,"爪转    1, 专 砖注",专砖,住驻 
,"转  拽   0, 转 ",专砖,住驻 
,"砖, 砖 专砖 5",拽专驻专,专 
," 转拽, 专 20",拽专,专 
,"祝 , 注 1",专,专 
,"砖注  4, 转 砖砖",专砖,住驻 
,"专 爪  1, 专砖",,住驻 
,"拽   24, 转 砖砖",专砖,住驻 
," 砖专,  专 51",拽专驻专,专 
,", 砖专 22",爪 ,专 
,"爪拽 专  2, 转 砖砖",专砖,住驻 
," '专'  22, 专砖",,住驻 
,"专 注拽  3, 转专 注转",专砖,住驻 
,"砖 砖专  1, 转专 注转",专砖,住驻 
,"砖专转 专爪  106, 专砖",,住驻 
," 专  255, 专砖",,住驻 
,"'住拽  9,  专拽",专砖,住驻 
,"注  1,  专专",专砖,住驻 
,"砖' 砖  30, 拽专转 转",驻注,住驻 
,", 住转专转 106",拽专驻专,专 
,"转  -驻, 专 12",拽专驻专,专 
,"砖专转 砖   164, 注转 ",专砖,住驻 
,"专注, 住转专转 11",拽专驻专,专 
,"砖  57, 拽专转 ",驻注,住驻 
,"注 , 爪 砖 29",拽专驻专,专 
,"专 爪拽 专  53, 注转",专砖,住驻 
,"驻专  15, 专砖",,住驻 
,"住拽  1,  砖专",专砖,住驻 
,"专转 , 砖 专 16",拽专驻专,专 
,"专 转注砖 拽 专 砖  4, 专 注拽",专砖,住驻 
," 砖专  30, 专砖",,住驻 
,"专 转注砖 注专 砖  4, 专 注拽",专砖,住驻 
,"砖砖转   1, 专",专砖,住驻 
,"专,  驻 5",拽专驻专,专 
,"专""  21, 专砖",,住驻 
,"注     3, 专砖",,住驻 
,"转  12, ",专砖,住驻 
,"驻转 转拽, 拽驻 注专 13",拽专驻专,专 
," 注拽, 专 89",拽专驻专,专 
,"专抓  11, ",专砖,住驻 
,"砖专转    1, ",专砖,住驻 
,"专 注拽, 砖 1",拽专驻专,专 
,"转  6, ",专砖,住驻 
,", 专转 2",拽专驻专,专 
,"驻住  17, 专砖",,住驻 
,"转 砖  11, ",专砖,住驻 
,"专转, 专 专砖 2",拽专驻专,专 
,"祝 专砖  1, 专砖",专砖,住驻 
,"驻 砖专  35, 专砖",,住驻 
,"专 砖   54, 驻",专砖,住驻 
,"转  26, 驻",专砖,住驻 
,"   19, 专砖",,住驻 
,"专 爪拽 专  1, 驻转 转拽",驻注,住驻 
," 注拽, 爪 39",拽专驻专,专 
," 住专  0, 专",,住驻 
,"住 驻专  0, ",,住驻 
,"专 住专 住驻专  0,  专",,住驻 
,"砖专转 专砖  12, 爪专-砖",专砖,住驻 
,"注爪转  65, 驻转 转拽",驻注,住驻 
,"'住拽  48, 专转 专",专砖,住驻 
,"砖, 驻专- 专 专 17",拽专驻专,专 
,"转, 转  43",拽专驻专,专 
,"驻  3, 专砖",专砖,住驻 
,"专转 , 砖 专 专转 驻注 16",拽专驻专,专 
,"砖专  21, 专砖",专砖,住驻 
,"驻专 住, 砖 4",拽专驻专,专 
,"专 爪 拽  2, 专砖",专砖,住驻 
,"转  57  89, 专砖",专砖,住驻 
,"注专, 转注砖 60",拽专驻专,专 
," 砖专, 专 22",住驻专拽,专 
,"专 砖注驻  49, 专砖",专砖,住驻 
,"转, 驻 5",住驻专拽,专 
," 转拽,  78",拽专驻专,专 
,"专转 , 砖 专 2",拽专驻专,专 
,"爪转 注转  转转 拽  0, 专砖",专砖,住驻 
,"专 专砖  0, 驻专 住祝",,住驻 
,"专 专砖  0, 驻专 ",,住驻 
,"转 住驻专 转""专  1, 专砖",专砖,住驻 
,"驻, 砖 住转专转 277",住驻专拽,专 
,"专驻住  88, 专砖",专砖,住驻 
," 拽专  29, 专砖",专砖,住驻 
,"专爪, 砖转 2",住驻专拽,专 
,"转  -驻, 祝 65",拽专驻专,专 
,"转   1, 专砖",专砖,住驻 
,"住 驻专  0, 驻专 ",,住驻 
," 注  6, 注",驻注,住驻 
,"  驻转 注   1, 专砖",专砖,住驻 
,"砖, 转 1", 注,专 
,"住拽  9, 专砖",专砖,住驻 
,"爪  139, 驻专 住",,住驻 
,"转  2, 专砖",专砖,住驻 
,"专  14, 专砖",专砖,住驻 
,"转 砖, 注 7",拽专驻专,专 
,"  1, 驻专 住",,住驻 
,"注     0, 驻专 拽住",,住驻 
,"注拽 驻转 驻转 专 专爪  1, 专砖",专砖,住驻 
,"驻  113, 专砖",专砖,住驻 
,"专 专砖 驻转 专   0, 住'",驻注,住驻 
,"驻专 住, 专 砖专 2",拽砖转 注,专 
,"砖专, 转 1",拽砖转 注,专 
,"砖   107, 专砖",专砖,住驻 
,"驻转 转拽, 驻注 9",拽砖转 注,专 
," , 住转专转 2",住驻专拽,专 
,"注拽 专驻  43, 专砖",专砖,住驻 
,"专  14, 驻专 拽专注",,住驻 
,"拽住专,  14", 注,专 
,"砖专转 砖 砖砖 驻转 专 专  1, 专砖",专砖,住驻 
,"驻, 砖转  23",拽砖转 注,专 
,"砖   101, 专砖",专砖,住驻 
,"专砖转  9, 专",,住驻 
,"专  专 住转 砖拽  1, 专",专砖,住驻 
,"爪转 砖 注爪  1, 驻专 注爪",专砖,住驻 
,"专砖 爪, 专砖住拽 33",拽砖转 注,专 
,"砖专转    0, ",,住驻 
,"专  17, 砖专转 爪",,住驻 
,"砖  17, 专",专砖,住驻 
,"驻, 爪 5",拽砖转 注,专 
,"注, 专砖转 2",拽砖转 注,专 
,"注   5, 专",专砖,住驻 
,"砖专转 砖 砖专  100, 专",专砖,住驻 
,"住 爪, 专砖 9",住驻专 专拽转,专 
,"专注 注转  16, ",专砖,住驻 
,"驻专 住, 专 砖专 12",拽砖转 注,专 
,"住 驻专  0, 专",,住驻 
,"专注 注转  20, ",专砖,住驻 
,"专砖 爪,  24",住驻专 专拽转,专 
,"砖 爪  10, 砖专转 爪",专砖,住驻 
,"砖专转 砖 注专  77,  注拽",,住驻 
,"砖专转 爪  10, 砖专转 爪",专砖,住驻 
,"砖专转 爪  5, 砖专转 爪",专砖,住驻 
,"砖' 拽  2, 注 注转",,住驻 
,"祝 , 注 1",拽砖转 注,专 
,"住 爪, 住转 18",住驻专 专拽转,专 
,"专转  2, 注--专注转",,住驻 
,"拽  5, 注 ",,住驻 
,"  专  1, ' -专",专砖,住驻 
," 专  18, 注 注转",专砖,住驻 
,"专 砖  17, 砖专",驻注,住驻 
,"专砖 爪, 爪"" 24",砖专 注,专 
,"专砖, 专 26",砖专 注,专 
,"拽 专 砖 443  专  1, 注--专注转",专砖,住驻 
,"转, 砖 住  60",砖专 注,专 
,"砖专转 转注砖转  121, 注--专注转",专砖,住驻 
,"专 拽  5, 注 ",,住驻 
,"  15, 注 ",专砖,住驻 
,"拽专转 ,  专 3",砖专 注,专 
,"砖 砖  29, 注 ",专砖,住驻 
,"专转  2, 专",专砖,住驻 
,"驻专 住, 驻专  12",砖专 注,专 
,"专' 专转  2, 专",专砖,住驻 
,"转, 转 24",砖专 注,专 
,"专砖 爪, 爪"" 26",砖专 注,专 
,"拽专转 拽, 专 住 1",砖专 注,专 
,"专 祝 注 专拽住  1, 注转-转专砖",,住驻 
,"爪  64, 专",,住驻 
,"注  1, 祝 ",专砖,住驻 
,"专砖, 砖专 16",砖专 注,专 
,"专'  注专  2, 爪专转",专砖,住驻 
,"专 砖  11, 砖专",专砖,住驻 
,", 转注 6",专 ,专 
,"住专  2, 转转",专砖,住驻 
,"  1, 住 爪",驻注,住驻 
," 专  18, 祝 ",,住驻 
,"   2, 转转",专砖,住驻 
,"专砖, 驻专住 3",专 ,专 
,"专爪  45, 转",专砖,住驻 
,"转 砖砖,  1",砖专 注,专 
,"专 驻专 祝  0, 祝",,住驻 
," 住  60, 转",专砖,住驻 
,"驻住 拽  23, 转",专砖,住驻 
,"驻专驻住专 专 驻爪'专拽  19, 住 爪",,住驻 
,", 拽砖 9",专 ,专 
,"专砖  0, 住 爪",,住驻 
,"驻转 转拽  82, 转",专砖,住驻 
,"专' 专  2, 转",专砖,住驻 
,"注 , 注  1",专 ,专 
,"专, 砖 1",专 ,专 
,"驻专 拽住, 转 9",专 ,专 
,"专  专  2, 转",专砖,住驻 
,"转  -驻, 专  127",专 ,专 
,"砖专转  专  1, 转",专砖,住驻 
,"专砖,  专爪 18",专 ,专 
,"  16, 爪专转",,住驻 
,"住   0, 住'",专砖,住驻 
,"专砖,  15",专 ,专 
,"爪    13, 注",专砖,住驻 
,"砖'   5, 专转 转",驻注,住驻 
,"住  9, 爪专转",,住驻 
,"注 专砖转 拽 注专  0, 注",专砖,住驻 
,"注专 驻专  9, 驻转 转拽",专砖,住驻 
,"注   5, 转转",,住驻 
,"爪专  4, 转",,住驻 
,"   94, 驻转 转拽",专砖,住驻 
,"砖专, 专 专  13",专 ,专 
,"转, 拽专 3",专 ,专 
,"  10, 驻转 转拽",专砖,住驻 
,"注  1, 驻专住 -专专",住拽,拽 
,"'住拽  72, 驻转 转拽",专砖,住驻 
,"注, 专 2",专 ,专 
," 住专  19, 爪专 爪拽",专砖,住驻 
," 砖专  10, 转",,住驻 
,"拽 驻专, 专 转注砖  0, ' 砖住",驻注,住驻 
,"驻  1, 拽-爪专",专砖,住驻 
,"转 , 注 20",专 ,专 
,"注爪转  37, 拽专转 转",专砖,住驻 
,"砖驻驻专  9, 转",,住驻 
,"专 注  192, 拽专转 拽",专砖,住驻 
,"砖 砖专  24, 拽专转 转",专砖,住驻 
,"砖 专砖 住 注专  0, 住'",,住驻 
,"专砖转  2, 注",,住驻 
,", 砖 爪转 1",专 ,专 
,"   72, 注驻",,住驻 
,"专 驻专  0, 注专",,住驻 
,"专砖 爪, 砖  砖 3",专 ,专 
,"砖专转 砖  5, 拽专转 转",专砖,住驻 
,"砖专转  专  3, 拽专转 ",专砖,住驻 
,"专  1, 砖专转 爪",驻注,住驻 
,"驻专 住,  驻 5",专 ,专 
," 砖转,  砖转 1",专 ,专 
,"注--专注转, 专 1",专 ,专 
,"专""  2, 拽专转 注专",专砖,住驻 
,"驻, 驻 砖 4",专 ,专 
,""" 住专  1, 拽专转 注拽专",专砖,住驻 
,"专爪  63, 专砖 爪",专砖,住驻 
,"   6, 专",专砖,住驻 
,"转  -驻, 专  126",专 ,专 
,"注, 砖注 爪拽 7",转 住,专 
,"专    301, 专转 ",专砖,住驻 
,"祝 , ""专 注 1",转 住,专 
,"砖' 爪转  1, ",驻注,住驻 
,"专 注拽,  驻 14",转 住,专 
,"专   住专  301, 专转 ",专砖,住驻 
,"  4, 注专",,住驻 
,"驻拽, '住拽 73",砖驻注 专转 砖,专 
,"专 专砖  0, 注专注专",,住驻 
,"专爪  75, 专转 ",专砖,住驻 
,"专转, 专 专 专 27",转 住,专 
,"  7, 专转 ",专砖,住驻 
,"注 住祝  55, 砖专转",专砖,住驻 
,"砖, 专  7",转 住,专 
,"专砖  2, 驻专 砖专",驻注,住驻 
,"   14, 砖专转",专砖,住驻 
,"专 专砖  0, 驻专住",,住驻 
,"   1, 砖专转",专砖,住驻 
,"砖, 专 9",砖驻注 专转 砖,专 
,"专砖 注, 转 16",拽 住专,专 
,"砖注 砖 专砖  1, 砖注",专砖,住驻 
,"砖 专砖 专 驻拽注 注专  0, 驻拽注 (拽注)",,住驻 
,"砖注  专  0, 砖注",专砖,住驻 
," 专  30, 转  -驻",专砖,住驻 
,"专 砖注, 拽砖 1",拽 住专,专 
,"砖专转 拽  119, 驻专住 -专专",,住驻 
,"专砖  57, 驻转 转拽",,住驻 
," 注  21, 转  -驻",专砖,住驻 
,"转   12, 转  -驻",专砖,住驻 
,"注,  注 67",拽 住专,专 
,"住', 住' 1",拽 住专,专 
,"爪专注  3, 转  -驻",专砖,住驻 
,"转 -专,  驻砖 1",拽 住专,专 
,"专砖, 砖  专 255",砖拽 注专,专 
,"砖, 砖转 10",砖拽 注专,专 
,"拽抓 转  71, 转  -驻",专砖,住驻 
,"爪拽 专  1, 驻转 转拽",,住驻 
,转 专 22 专砖,专 砖专,住驻 专 
,"砖驻专注, 拽 1",拽 住专,专 
,住专 -住祝 14 专砖,专 砖专,住驻 专 
,"住  4, 驻转 转拽",,住驻 
, 注转 3 专砖,专 砖专,住驻 专 
,砖专住拽 42 专砖,专 砖专,住驻 专 
,"专 注拽, 砖   64",砖拽 注专,专 
," 砖砖  2, 爪驻转",,住驻 
,"转专砖砖  5, 拽住专",,住驻 
, 7 专砖,专 砖专,住驻 专 
,"祝 , 注 爪拽 1",拽 住专,专 
,"专 专砖  81, 驻专 ",驻注,住驻 
,专驻 1 专砖,专 砖专,住驻 专 
,砖专 5 专砖,专 砖专,住驻 专 
," 专拽, 专  106",砖拽 注专,专 
,驻 1 转 转,专 砖专,住驻 专 
,"驻拽, 转 专 驻专拽 1",住 砖拽,专 
,"驻专 住祝  住专  0, 驻专 住祝",驻注,住驻 
," 拽住  0, 拽住",,住驻 
, 注,专 砖专,住驻 专 
,"转转, 注  2031",砖拽 注专,专 
, 拽,专 砖专,住驻 专 
,"转  6, 拽爪专",,住驻 
, 专 46 注 注转,专 砖专,住驻 专 
, 专转,专 砖专,住驻 专 
,"  2, 拽专转 ",,住驻 
,"专 砖注, 转 砖 1",住 砖拽,专 
,"  驻  0, 拽专转 专注",,住驻 
,"注爪转  66, 拽专转 转",,住驻 
,爪 爪拽 800 专砖,专 砖专,住驻 专 
,砖  砖 106 专砖,专 砖专,住驻 专 
,"拽专转 , 砖 爪 拽注 1",住 砖拽,专 
,"注驻, 拽驻 10",住 砖拽,专 
,"转, 专拽转 13",住 砖拽,专 
, 驻 14 拽专转 专注,专 砖专,住驻 专 
,"拽专转 转, 专 专 1",住 砖拽,专 
,"注转-转专砖, 转 1",,专 
,专 砖 69  砖,专 砖专,住驻 专 
,"拽专 住  29, 拽专转 转",,住驻 
,注转 住驻 801 专砖,专 砖专,住驻 专 
,"专 砖注, 专 1",住 砖拽,专 
,专 专 专砖,专 砖专,住驻 专 
, 专爪 18 专砖,专 砖专,住驻 专 
,"专 砖注, 砖 注 16",住 砖拽,专 
,砖  注拽 611 专砖,专 砖专,住驻 专 
,"砖拽专  4, 专爪",住拽,拽 
,"驻, 转  1",砖驻专住 砖,专 
,"拽专 住  64, 拽专转 拽",,住驻 
,"专 注  194, 拽专转 拽",,住驻 
,砖专转 专注 1 拽专 砖专,专 砖专,住驻 专 
,"专 砖注, 砖 注 34",住 砖拽,专 
,"专 专  101, 专砖",驻注,住驻 
, 46 注转 ,专 砖专,住驻 专 
, 专爪 2 专砖,专 砖专,住驻 专 
,"拽专转 , 砖专转 砖 2",住 砖拽,专 
,注 116 驻 砖,专 砖专,住驻 专 
,"驻  3, 拽专转 转",,住驻 
,注专转 专砖,专 砖专,住驻 专 
,"注转-转专砖, 专拽住 注 3",砖驻专住,专 
,"拽爪专, 转 6",住 砖拽,专 
,专 1 砖专转 爪,专 砖专,住驻 专 
,"专  专  0, 拽专转 注",,住驻 
, 14 专,专 砖专,住驻 专 
,专  驻专 1 注 驻专,专 砖专,住驻 专 
,"砖专转 砖 砖  90, 拽专转 爪拽",,住驻 
,"驻, 转  4",砖驻专住,专 
,"驻, 专 专祝 9",砖驻专住,专 
," 专  0, 拽专转 ",,住驻 
,专 拽 5 注 ,专 砖专,住驻 专 
,砖 转专 19 转,专 砖专,住驻 专 
,"驻专 转专, 转 3",砖驻专住,专 
,"驻, 专 15",砖驻专住 专,专 
,专爪 18 砖拽,专 砖专,住驻 专 
,"驻, 专 专祝 9",砖驻专住 ,专 
,砖 专专 爪拽 9 专 砖注,专 砖专,住驻 专 
,"专 -  8, 专砖",驻注,住驻 
,"专 爪""  0, 拽专转 砖",,住驻 
,砖 注 42 专 砖注,专 砖专,住驻 专 
,"驻专住 -专专, 专 拽 22",砖驻专住,专 
,"专, 注拽 1",砖驻专住,专 
,爪注  49 专 砖注,专 砖专,住驻 专 
,"驻  1, 拽专 砖专",,住驻 
,转 1 专,专 砖专,住驻 专 
,专 住专 - 砖拽 注专 专,专 砖专,住驻 专 
,"砖 专-住'专  0, 专",,住驻 
," '专'  16, 专砖",驻注,住驻 
,"专 驻住  7, 专砖 注",,住驻 
,驻 7 拽专转 转,专 砖专,住驻 专 
,"转专, 砖专转 住 1",砖驻专住,专 
,"  4  注""砖",专 砖专,住驻 专 
,"专砖 爪  915, 专",驻注,住驻 
,""" 注驻 5 ",专 砖专,住驻 专 
,"驻专 住, 专驻驻专 6",砖驻专住,专 
,专砖 爪 655 专,专 砖专,住驻 专 
,"住  0, 专砖 驻",,住驻 
," 专拽, 专  10",砖驻专住,专 
,砖  专 8 爪驻 专,专 砖专,住驻 专 
,"爪驻转, 专 1",砖驻专住,专 
,"专, 专 2",砖驻专住,专 
,专 注拽 38 转转,专 砖专,住驻 专 
,"""  7, 专砖 爪",,住驻 
, 专 注专 35 注专,专 砖专,住驻 专 
,专 住专 爪专,专 砖专,住驻 专 
,"专爪  65, 专砖 爪",,住驻 
," 专  1, 专砖 爪",,住驻 
,"专, 专砖 爪 1",砖驻专住,专 
,"砖   11, 专砖 爪",,住驻 
,"专爪  200, 专转",,住驻 
,专 砖 转专,专 砖专,住驻 专 
,驻专 专 专 17 砖拽,专 砖专,住驻 专 
,"专砖, 专拽 3",砖驻专住,专 
,"专砖 爪, 砖拽  30",砖驻专住,专 
,"转  -驻,   76",砖驻专住,专 
, 转 砖注,专 砖专,住驻 专 
,"专, 住 1",砖驻专住,专 
,"驻转 转拽, 专砖 79",砖驻专住,专 
, 注 3 注,专 砖专,住驻 专 
,砖注 砖 8 砖专转,专 砖专,住驻 专 
,专爪 1 砖,专 砖专,住驻 专 
,"驻转 转拽, 驻专 注专 9",砖驻专住,专 
,"拽专转 爪拽, 专砖 1",砖驻专住,专 
, 爪 24 转 砖砖,专 砖专,住驻 专 
,"注专, 拽 27",砖驻专住,专 
,专 1 转 砖砖,专 砖专,住驻 专 
,"专拽 注    1, 专",驻注,住驻 
,"专转 , 住驻专 住祝 9",砖驻专住,专 
,"砖专转 专爪  84, 专",,住驻 
,"专  79, 专转 ",,住驻 
,  18 砖,专 砖专,住驻 专 
,"转 , 拽 49",砖驻专住,专 
,"转, 住住拽 13",砖驻专住,专 
,专爪 30 专砖 爪,专 砖专,住驻 专 
,专 转 砖注 4 专砖 爪,专 砖专,住驻 专 
,"转 , 驻专 25",砖驻专住,专 
,砖专转 砖 7 专砖 爪,专 砖专,住驻 专 
,"砖  2, 专转 ",,住驻 
,专 12 专转,专 砖专,住驻 专 
,"驻专住 -专专, 专  19",砖驻专住,专 
,专爪 165 专转,专 砖专,住驻 专 
,"专 专抓  2, 专砖",驻注,住驻 
,"拽  22, 专转 ",,住驻 
,  19 转 砖砖,专 砖专,住驻 专 
,砖 30 专砖 爪,专 砖专,住驻 专 
,"住拽  69, 专转 砖专",,住驻 
,"转, 专砖 砖 52",砖驻专住,专 
,"专住, 转 45",砖驻专住,专 
,"专砖   4, 专转 砖",,住驻 
,转  9 注--专注转,专 砖专,住驻 专 
,"专"" 6 转专 注转",专 砖专,住驻 专 
,"拽专转 爪拽, 砖 爪 1",砖驻专住,专 
,"专 注拽, 砖 砖 爪 1",砖驻专住,专 
,"驻转 转拽, 专砖 180",砖驻专住,专 
,砖 驻专 6 砖,专 砖专,住驻 专 
,"注驻, 砖 专 爪拽 5",砖驻专住,专 
,  专,专 砖专,住驻 专 
,"爪 转注砖  3, 驻",驻注,住驻 
,"转, 住转转 15",砖驻专住,专 
,"驻专住 -专专, 专  17",砖驻专住,专 
,"拽专 住  2, 专注",,住驻 
,爪专 21 专,专 砖专,住驻 专 
,"专砖,  1",砖驻专住,专 
,"专  15, 驻",驻注,住驻 
,"专驻专  47, 驻",驻注,住驻 
,"转 驻专, 砖 注拽 驻专 29",砖驻专住,专 
,专 2 ,专 砖专,住驻 专 
,"转 砖专  3, 砖专转",,住驻 
, 注转 专专,专 砖专,住驻 专 
,转 1 转 专,专 砖专,住驻 专 
,"注拽   30, 砖",,住驻 
,"拽爪专, 专 专 7",砖驻专住,专 
,"专转 砖专, 转 转 1",砖驻专住,专 
,"注--专注转, 砖 转 12",砖驻专住,专 
,"转  -驻, 专专 53",砖驻专住,专 
,"专转 , 转专爪 19",砖驻专住,专 
,"专, 专  98",砖驻专住,专 
,"专 砖注, 砖专转 注专 转转 28",砖驻专住,专 
,"转 砖砖, 注 1",砖驻专住,专 
,"驻转 转拽, 注爪转 65",砖驻专住,专 
,"   0, 砖驻专注",,住驻 
,"专砖"" 1 拽专转 ",专 砖专,住驻 专 
,"拽专转 注拽专,  27",砖驻专住,专 
,专  1 专,专 砖专,住驻 专 
,"爪驻转, 爪 20",砖驻专住,专 
,"拽专 住  1, ",驻注,住驻 
,砖专转   28 注--专注转,专 砖专,住驻 专 
,"专 注拽, 住 2",砖驻专住,专 
,专爪 20  ,专 砖专,住驻 专 
,"转驻拽   370, 砖驻专注",,住驻 
,"专砖 爪, 砖 注拽 50",砖驻专住,专 
,"专转 砖专, 住砖拽 5",砖驻专住,专 
,"爪  46, ",驻注,住驻 
,"专转 爪拽, 专转 爪拽 1",砖驻专住,专 
,"专砖, 驻专 7",砖驻专住,专 
,"专砖, 专转 专 22",砖驻专住,专 
,砖砖 2 转  - 驻,专 砖专,住驻 专 
,"专 注拽, 砖 住 17",砖驻专住,专 
,转 4 转  - 驻,专 砖专,住驻 专 
,"专  爪'  12, 转  -驻",,住驻 
,"拽专转 注,  砖 1",砖驻专住,专 
,拽砖转 6 转  - 驻,专 砖专,住驻 专 
,专拽 61 转  - 驻,专 砖专,住驻 专 
,"专拽 注专  11, 转  -驻",,住驻 
,"驻  26, 转  -驻",,住驻 
,",  专 7",砖驻专住,专 
,"爪 转专, 专 转  12, ",驻注,住驻 
,"砖拽专  39, ",驻注,住驻 
,"住  49, 专 注拽",驻注,住驻 
,"砖, 砖 注拽  30",砖驻专住,专 
,"砖'    10, 专爪",驻注,住驻 
,"砖'   4, 专爪",驻注,住驻 
,"专 专转  69,  砖专",驻注,住驻 
," '专'  61, 转  -驻",,住驻 
,"爪"" 16 转  - 驻",专 砖专,住驻 专 
,  67 转  - 驻,专 砖专,住驻 专 
,"注专, 专转 1",砖驻专住,专 
,"  6, 专",驻注,住驻 
,"专转, 注拽 爪拽 1",砖驻专住,专 
, 注 9 转  - 驻,专 砖专,住驻 专 
,"拽专转 转, 专 驻 40",砖驻专住,专 
,专 41 转  - 驻,专 砖专,住驻 专 
,"驻专  31, 转  -驻",,住驻 
,转 爪拽 18 转  - 驻,专 砖专,住驻 专 
,"驻转 转拽, 专 驻 住注 20",砖驻专住,专 
,住拽 108 转  - 驻,专 砖专,住驻 专 
,转  85 专爪,专 砖专,住驻 专 
,"专, 祝 拽转  7",砖驻专住,专 
,专专 93 转  - 驻,专 砖专,住驻 专 
,"砖砖  9, 转  -驻",,住驻 
,"注   203, 转转",专,住驻 
